"last_name, first_name","player_id","year","pa","bip","ba","est_ba","est_ba_minus_ba_diff","slg","est_slg","est_slg_minus_slg_diff","woba","est_woba","est_woba_minus_woba_diff","era","xera","era_minus_xera_diff"
"Alcantara, Sandy","645261","2026","784","587",0.242,0.248,-0.006000000000000005,0.366,0.365,0.0010000000000000009,0.294,0.295,-0.0010000000000000009,"3.46","3.61","-0.146"
"Sánchez, Cristopher","650911","2026","726","479",0.251,0.236,0.015000000000000013,0.353,0.354,-0.0010000000000000009,0.288,0.28,0.007999999999999952,"2.52","3.24","-0.725"
"Wacha, Michael","608379","2026","686","502",0.229,0.246,-0.016999999999999987,0.401,0.409,-0.007999999999999952,0.298,0.308,-0.010000000000000009,"3.32","3.96","-0.638"
"Luzardo, Jesús","666200","2026","670","408",0.22,0.204,0.016000000000000014,0.341,0.306,0.03500000000000003,0.282,0.264,0.01799999999999996,"3.09","2.87","0.222"
"Baz, Shane","669358","2026","669","471",0.263,0.25,0.013000000000000012,0.394,0.388,0.006000000000000005,0.315,0.311,0.0040000000000000036,"4.01","4.05","-0.037"
"Bibee, Tanner","676440","2026","664","484",0.234,0.252,-0.017999999999999988,0.403,0.419,-0.01599999999999996,0.305,0.319,-0.014000000000000012,"3.88","4.28","-0.399"
"Valdez, Framber","664285","2026","664","478",0.261,0.264,-0.0030000000000000027,0.389,0.397,-0.008000000000000007,0.324,0.327,-0.0030000000000000027,"4.36","4.52","-0.159"
"Lugo, Seth","607625","2026","662","488",0.286,0.28,0.00599999999999995,0.462,0.456,0.006000000000000005,0.349,0.346,0.0030000000000000027,"5.03","5.14","-0.114"
"Rodriguez, Eduardo","593958","2026","661","490",0.231,0.258,-0.026999999999999996,0.365,0.425,-0.06,0.291,0.324,-0.03300000000000003,"2.50","4.43","-1.93"
"Gausman, Kevin","592332","2026","656","456",0.258,0.247,0.01100000000000001,0.411,0.401,0.009999999999999953,0.313,0.306,0.007000000000000006,"4.52","3.91","0.609"
"Schlittler, Cam","693645","2026","651","400",0.197,0.209,-0.011999999999999983,0.316,0.334,-0.018000000000000016,0.255,0.267,-0.01200000000000001,"2.09","2.93","-0.84"
"Abbott, Andrew","671096","2026","649","462",0.253,0.264,-0.01100000000000001,0.414,0.435,-0.02100000000000002,0.328,0.341,-0.013000000000000012,"4.49","4.97","-0.48"
"Ashcraft, Braxton","677952","2026","645","439",0.232,0.232,0,0.382,0.368,0.014000000000000012,0.289,0.287,0.0020000000000000018,"3.59","3.41","0.183"
"McLean, Nolan","690997","2026","644","396",0.203,0.215,-0.011999999999999983,0.324,0.334,-0.010000000000000009,0.282,0.293,-0.01100000000000001,"3.06","3.56","-0.496"
"Cavalli, Cade","676917","2026","640","404",0.238,0.237,0.0010000000000000009,0.365,0.371,-0.006000000000000005,0.3,0.303,-0.0030000000000000027,"3.12","3.83","-0.706"
"Gore, MacKenzie","669022","2026","639","411",0.236,0.237,-0.0010000000000000009,0.399,0.377,0.02200000000000002,0.313,0.305,0.008000000000000007,"4.40","3.88","0.52"
"Gilbert, Logan","669302","2026","638","427",0.215,0.232,-0.017000000000000015,0.387,0.39,-0.0030000000000000027,0.287,0.295,-0.008000000000000007,"3.42","3.61","-0.186"
"Messick, Parker","800048","2026","637","431",0.206,0.218,-0.01200000000000001,0.336,0.325,0.01100000000000001,0.264,0.266,-0.0020000000000000018,"2.46","2.91","-0.45"
"King, Michael","650633","2026","636","430",0.217,0.237,-0.01999999999999999,0.347,0.398,-0.051000000000000045,0.293,0.319,-0.026000000000000023,"3.23","4.28","-1.049"
"Williams, Gavin","668909","2026","632","376",0.218,0.23,-0.01200000000000001,0.402,0.414,-0.011999999999999955,0.301,0.309,-0.008000000000000007,"3.98","3.99","-0.009"
"Soriano, José","667755","2026","630","408",0.228,0.247,-0.01899999999999999,0.329,0.392,-0.063,0.294,0.325,-0.031000000000000028,"3.45","4.46","-1.011"
"Griffin, Foster","656492","2026","630","444",0.231,0.253,-0.021999999999999992,0.399,0.418,-0.01899999999999996,0.302,0.316,-0.014000000000000012,"3.21","4.19","-0.983"
"Bradley, Taj","671737","2026","627","392",0.224,0.225,-0.0010000000000000009,0.382,0.377,0.0050000000000000044,0.305,0.304,0.0010000000000000009,"3.97","3.85","0.121"
"Detmers, Reid","672282","2026","626","403",0.215,0.219,-0.0040000000000000036,0.349,0.364,-0.015000000000000013,0.275,0.284,-0.008999999999999952,"3.54","3.33","0.212"
"Cameron, Noah","702070","2026","625","443",0.237,0.249,-0.01200000000000001,0.382,0.408,-0.025999999999999968,0.299,0.313,-0.014000000000000012,"3.98","4.11","-0.132"
"Ray, Robbie","592662","2026","622","422",0.224,0.239,-0.014999999999999986,0.38,0.419,-0.03899999999999998,0.309,0.33,-0.02100000000000002,"3.14","4.61","-1.469"
"Peralta, Freddy","642547","2026","621","427",0.261,0.238,0.02300000000000002,0.447,0.381,0.066,0.341,0.308,0.03300000000000003,"5.11","3.96","1.146"
"Martinez, Nick","607259","2026","618","502",0.25,0.275,-0.025000000000000022,0.398,0.429,-0.030999999999999972,0.295,0.319,-0.02400000000000002,"2.99","4.28","-1.293"
"Kirby, George","669923","2026","617","454",0.282,0.258,0.023999999999999966,0.434,0.396,0.03799999999999998,0.331,0.305,0.026000000000000023,"4.02","3.88","0.143"
"Imanaga, Shota","684007","2026","616","427",0.239,0.233,0.005999999999999978,0.449,0.407,0.04200000000000004,0.32,0.301,0.019000000000000017,"4.01","3.77","0.241"
"Nola, Aaron","605400","2026","616","413",0.27,0.243,0.027000000000000024,0.495,0.42,0.07500000000000001,0.353,0.315,0.03799999999999998,"5.04","4.16","0.875"
"Kelly, Merrill","518876","2026","616","453",0.27,0.3,-0.02999999999999997,0.475,0.536,-0.061000000000000054,0.356,0.392,-0.03600000000000003,"5.08","6.91","-1.828"
"Burke, Sean","680732","2026","613","393",0.222,0.228,-0.006000000000000005,0.38,0.371,0.009000000000000008,0.299,0.298,0.0010000000000000009,"3.32","3.69","-0.368"
"Singer, Brady","663903","2026","611","441",0.274,0.271,0.0030000000000000027,0.46,0.446,0.014000000000000012,0.351,0.345,0.006000000000000005,"4.72","5.10","-0.382"
"Bradish, Kyle","680694","2026","610","412",0.259,0.245,0.014000000000000012,0.411,0.395,0.01599999999999996,0.329,0.32,0.009000000000000008,"4.03","4.31","-0.282"
"Yamamoto, Yoshinobu","808967","2026","607","412",0.187,0.217,-0.03,0.31,0.34,-0.030000000000000027,0.245,0.271,-0.026000000000000023,"2.56","3.03","-0.467"
"Elder, Bryce","693821","2026","606","438",0.24,0.251,-0.01100000000000001,0.396,0.394,0.0020000000000000018,0.307,0.309,-0.0020000000000000018,"3.95","3.99","-0.043"
"Webb, Logan","657277","2026","603","439",0.229,0.255,-0.025999999999999995,0.341,0.379,-0.03799999999999998,0.28,0.306,-0.025999999999999968,"3.72","3.91","-0.192"
"Cease, Dylan","656302","2026","601","316",0.176,0.183,-0.007000000000000006,0.265,0.278,-0.013000000000000012,0.247,0.254,-0.007000000000000006,"2.33","2.65","-0.315"
"Roupp, Landen","694738","2026","595","391",0.225,0.233,-0.008000000000000007,0.349,0.347,0.0020000000000000018,0.3,0.302,-0.0020000000000000018,"4.25","3.80","0.453"
"Skenes, Paul","694973","2026","594","368",0.226,0.213,0.013000000000000012,0.368,0.34,0.02799999999999997,0.291,0.275,0.01599999999999996,"3.79","3.12","0.666"
"Burns, Chase","695505","2026","592","369",0.219,0.209,0.010000000000000009,0.359,0.35,0.009000000000000008,0.286,0.279,0.006999999999999951,"2.79","3.21","-0.423"
"Cantillo, Joey","676282","2026","589","371",0.25,0.229,0.02099999999999999,0.397,0.362,0.03500000000000003,0.33,0.308,0.02200000000000002,"3.70","3.96","-0.263"
"Liberatore, Matthew","669461","2026","589","396",0.283,0.264,0.01899999999999996,0.474,0.453,0.020999999999999963,0.355,0.339,0.01599999999999996,"5.41","4.90","0.513"
"Kay, Anthony","641743","2026","588","411",0.256,0.259,-0.0030000000000000027,0.419,0.413,0.006000000000000005,0.337,0.34,-0.0030000000000000027,"4.09","4.94","-0.849"
"Gray, Sonny","543243","2026","586","416",0.244,0.25,-0.006000000000000005,0.386,0.376,0.010000000000000009,0.301,0.298,0.0030000000000000027,"2.82","3.69","-0.871"
"Warren, Will","701542","2026","586","401",0.268,0.262,0.006000000000000005,0.454,0.418,0.03600000000000003,0.339,0.326,0.013000000000000012,"4.23","4.49","-0.259"
"McGreevy, Michael","700241","2026","586","449",0.258,0.282,-0.023999999999999966,0.429,0.484,-0.05499999999999999,0.32,0.353,-0.032999999999999974,"3.86","5.38","-1.523"
"Woo, Bryan","693433","2026","581","402",0.233,0.239,-0.005999999999999978,0.381,0.393,-0.01200000000000001,0.29,0.297,-0.007000000000000006,"4.36","3.67","0.693"
"Ginn, J.T.","669372","2026","580","393",0.225,0.241,-0.015999999999999986,0.368,0.372,-0.0040000000000000036,0.303,0.312,-0.009000000000000008,"3.71","4.08","-0.372"
"Rogers, Trevor","669432","2026","579","418",0.253,0.246,0.007000000000000006,0.411,0.397,0.013999999999999957,0.311,0.304,0.007000000000000006,"4.38","3.85","0.53"
"Sale, Chris","519242","2026","576","359",0.218,0.221,-0.0030000000000000027,0.298,0.325,-0.027000000000000024,0.257,0.268,-0.01100000000000001,"2.06","2.96","-0.897"
"Rasmussen, Drew","656876","2026","574","391",0.203,0.23,-0.026999999999999996,0.309,0.349,-0.03999999999999998,0.249,0.275,-0.026000000000000023,"2.95","3.12","-0.168"
"Lorenzen, Michael","547179","2026","572","432",0.338,0.3,0.038000000000000034,0.536,0.49,0.04600000000000004,0.402,0.371,0.031000000000000028,"7.04","6.05","0.987"
"Misiorowski, Jacob","694819","2026","571","305",0.15,0.168,-0.018000000000000016,0.242,0.25,-0.008000000000000007,0.21,0.22,-0.010000000000000009,"1.73","2.00","-0.272"
"Rocker, Kumar","677958","2026","570","387",0.256,0.255,0.0010000000000000009,0.422,0.418,0.0040000000000000036,0.331,0.33,0.0010000000000000009,"4.44","4.61","-0.168"
"Chandler, Bubba","696149","2026","569","377",0.224,0.233,-0.009000000000000008,0.355,0.367,-0.01200000000000001,0.306,0.313,-0.007000000000000006,"4.26","4.11","0.15"
"Weathers, Ryan","677960","2026","568","384",0.249,0.255,-0.006000000000000005,0.394,0.424,-0.02999999999999997,0.306,0.319,-0.013000000000000012,"3.60","4.28","-0.676"
"Hancock, Emerson","676106","2026","566","401",0.24,0.242,-0.0020000000000000018,0.399,0.41,-0.010999999999999954,0.302,0.308,-0.006000000000000005,"3.57","3.96","-0.39"
"Pallante, Andre","669467","2026","564","420",0.249,0.25,-0.0010000000000000009,0.357,0.374,-0.017000000000000015,0.298,0.305,-0.007000000000000006,"3.57","3.88","-0.306"
"Buehler, Walker","621111","2026","559","394",0.256,0.244,0.01200000000000001,0.414,0.395,0.01899999999999996,0.326,0.313,0.013000000000000012,"4.66","4.11","0.55"
"Young, Brandon","687064","2026","556","403",0.255,0.258,-0.0030000000000000027,0.403,0.408,-0.004999999999999949,0.318,0.321,-0.0030000000000000027,"3.38","4.34","-0.956"
"Peterson, David","656849","2026","556","391",0.273,0.272,0.0010000000000000009,0.411,0.412,-0.0010000000000000009,0.334,0.337,-0.0030000000000000027,"5.11","4.84","0.268"
"Montero, Keider","672456","2026","556","428",0.208,0.228,-0.020000000000000018,0.34,0.38,-0.03999999999999998,0.264,0.287,-0.022999999999999965,"3.24","3.41","-0.173"
"Eovaldi, Nathan","543135","2026","555","378",0.25,0.25,0,0.439,0.421,0.018000000000000016,0.323,0.316,0.007000000000000006,"4.21","4.19","0.016"
"Freeland, Kyle","607536","2026","554","417",0.296,0.282,0.014000000000000012,0.528,0.476,0.052000000000000046,0.371,0.346,0.025000000000000022,"6.37","5.14","1.23"
"Holmes, Grant","656550","2026","552","391",0.24,0.254,-0.014000000000000012,0.4,0.426,-0.025999999999999968,0.317,0.334,-0.017000000000000015,"3.71","4.74","-1.033"
"Springs, Jeffrey","605488","2026","548","397",0.274,0.254,0.020000000000000018,0.538,0.454,0.08400000000000002,0.375,0.339,0.035999999999999976,"6.37","4.90","1.466"
"May, Dustin","669160","2026","547","369",0.257,0.248,0.009000000000000008,0.377,0.378,-0.0010000000000000009,0.316,0.316,0,"4.69","4.19","0.497"
"Castillo, Luis","622491","2026","546","395",0.28,0.272,0.008000000000000007,0.481,0.46,0.020999999999999963,0.353,0.341,0.011999999999999955,"5.31","4.97","0.341"
"Rea, Colin","607067","2026","546","400",0.256,0.276,-0.020000000000000018,0.425,0.485,-0.06,0.331,0.358,-0.02699999999999997,"4.48","5.56","-1.084"
"Leahy, Kyle","681517","2026","545","383",0.263,0.269,-0.006000000000000005,0.406,0.443,-0.03699999999999998,0.321,0.335,-0.014000000000000012,"3.13","4.77","-1.639"
"Lambert, Peter","663567","2026","542","357",0.222,0.211,0.01100000000000001,0.339,0.352,-0.012999999999999956,0.292,0.292,0,"3.66","3.54","0.116"
"Littell, Zack","641793","2026","540","425",0.278,0.299,-0.020999999999999963,0.511,0.539,-0.028000000000000025,0.36,0.384,-0.02400000000000002,"5.21","6.57","-1.358"
"deGrom, Jacob","594798","2026","540","344",0.234,0.236,-0.001999999999999974,0.381,0.395,-0.014000000000000012,0.291,0.297,-0.006000000000000005,"4.21","3.67","0.542"
"Sugano, Tomoyuki","608372","2026","540","433",0.284,0.314,-0.030000000000000027,0.542,0.562,-0.020000000000000018,0.368,0.393,-0.025000000000000022,"5.23","6.95","-1.722"
"Manaea, Sean","640455","2026","533","359",0.258,0.253,0.0050000000000000044,0.466,0.445,0.02100000000000002,0.346,0.336,0.009999999999999953,"4.55","4.81","-0.261"
"Fedde, Erick","607200","2026","532","394",0.26,0.256,0.0040000000000000036,0.444,0.438,0.006000000000000005,0.334,0.331,0.0030000000000000027,"4.16","4.65","-0.491"
"Pérez, Eury","691587","2026","530","324",0.198,0.208,-0.009999999999999981,0.343,0.363,-0.019999999999999962,0.287,0.299,-0.01200000000000001,"3.44","3.72","-0.276"
"Martin, Davis","663436","2026","530","371",0.266,0.271,-0.0050000000000000044,0.402,0.422,-0.019999999999999962,0.324,0.333,-0.009000000000000008,"4.32","4.71","-0.39"
"Wheeler, Zack","554430","2026","524","325",0.212,0.207,0.0050000000000000044,0.377,0.327,0.04999999999999999,0.289,0.27,0.01899999999999996,"3.31","3.00","0.315"
"Ryan, Joe","657746","2026","523","353",0.239,0.224,0.014999999999999986,0.405,0.39,0.015000000000000013,0.299,0.29,0.009000000000000008,"3.65","3.48","0.173"
"Mahle, Tyler","641816","2026","521","355",0.254,0.251,0.0030000000000000027,0.409,0.4,0.008999999999999952,0.319,0.314,0.0050000000000000044,"4.25","4.13","0.118"
"Suarez, Ranger","624133","2026","516","352",0.245,0.249,-0.0040000000000000036,0.35,0.356,-0.006000000000000005,0.294,0.3,-0.006000000000000005,"3.64","3.75","-0.111"
"Vásquez, Randy","681190","2026","516","401",0.264,0.288,-0.023999999999999966,0.432,0.498,-0.066,0.325,0.361,-0.035999999999999976,"4.02","5.67","-1.646"
"Wrobleski, Justin","680736","2026","516","383",0.231,0.27,-0.03900000000000001,0.391,0.448,-0.056999999999999995,0.294,0.331,-0.03700000000000003,"3.56","4.65","-1.088"
"Sasaki, Roki","808963","2026","511","341",0.244,0.246,-0.0020000000000000018,0.468,0.41,0.05800000000000005,0.343,0.323,0.020000000000000018,"4.60","4.40","0.201"
"Tolle, Payton","801139","2026","505","326",0.218,0.2,0.017999999999999988,0.369,0.317,0.05199999999999999,0.283,0.256,0.02699999999999997,"3.09","2.69","0.398"
"Keller, Mitch","656605","2026","503","364",0.259,0.288,-0.02899999999999997,0.426,0.455,-0.029000000000000026,0.334,0.355,-0.020999999999999963,"5.29","5.45","-0.159"
"Ureña, Walbert","700712","2026","500","316",0.203,0.204,-0.0009999999999999731,0.292,0.304,-0.01200000000000001,0.283,0.288,-0.0050000000000000044,"2.94","3.43","-0.49"
"Pérez, Martín","527048","2026","499","355",0.22,0.263,-0.04300000000000001,0.359,0.393,-0.03400000000000003,0.293,0.327,-0.03400000000000003,"3.05","4.52","-1.47"
"Lowder, Rhett","695076","2026","499","362",0.268,0.267,0.0010000000000000009,0.438,0.458,-0.020000000000000018,0.339,0.345,-0.00599999999999995,"5.14","5.10","0.043"
"Mikolas, Miles","571945","2026","498","415",0.293,0.288,0.0050000000000000044,0.527,0.506,0.02100000000000002,0.364,0.354,0.010000000000000009,"5.82","5.42","0.399"
"Skubal, Tarik","669373","2026","495","316",0.211,0.226,-0.015000000000000013,0.348,0.339,0.008999999999999952,0.264,0.267,-0.0030000000000000027,"2.84","2.93","-0.088"
"Cecconi, Slade","677944","2026","488","360",0.29,0.271,0.01899999999999996,0.465,0.452,0.013000000000000012,0.351,0.338,0.012999999999999956,"5.07","4.87","0.203"
"Mlodzinski, Carmen","669387","2026","480","353",0.272,0.29,-0.01799999999999996,0.393,0.443,-0.04999999999999999,0.32,0.346,-0.025999999999999968,"4.05","5.14","-1.094"
"Ober, Bailey","641927","2026","477","364",0.247,0.251,-0.0040000000000000036,0.428,0.46,-0.03200000000000003,0.317,0.329,-0.01200000000000001,"4.37","4.58","-0.212"
"Houser, Adrian","605288","2026","470","357",0.257,0.268,-0.01100000000000001,0.434,0.453,-0.019000000000000017,0.326,0.339,-0.013000000000000012,"4.02","4.90","-0.879"
"Matthews, Zebby","805673","2026","467","338",0.255,0.258,-0.0030000000000000027,0.44,0.43,0.010000000000000009,0.327,0.326,0.0010000000000000009,"4.58","4.49","0.09"
"McClanahan, Shane","663556","2026","466","320",0.206,0.242,-0.036000000000000004,0.315,0.406,-0.09100000000000003,0.268,0.314,-0.045999999999999985,"3.19","4.13","-0.944"
"Drohan, Shane","675660","2026","466","314",0.253,0.229,0.023999999999999994,0.391,0.36,0.031000000000000028,0.314,0.294,0.020000000000000018,"3.75","3.59","0.162"
"Meyer, Max","676974","2026","462","293",0.207,0.227,-0.020000000000000018,0.339,0.375,-0.035999999999999976,0.282,0.304,-0.02200000000000002,"2.68","3.85","-1.174"
"Feltner, Ryan","663372","2026","455","333",0.281,0.265,0.016000000000000014,0.515,0.48,0.03500000000000003,0.371,0.353,0.018000000000000016,"5.84","5.38","0.463"
"Phillips, Tyler","663969","2026","454","319",0.245,0.26,-0.015000000000000013,0.394,0.42,-0.025999999999999968,0.32,0.334,-0.014000000000000012,"3.59","4.74","-1.151"
"Lauer, Eric","641778","2026","448","339",0.246,0.25,-0.0040000000000000036,0.469,0.463,0.00599999999999995,0.336,0.335,0.0010000000000000009,"4.79","4.77","0.015"
"Seymour, Ian","693855","2026","446","282",0.225,0.222,0.0030000000000000027,0.436,0.394,0.04199999999999998,0.309,0.294,0.015000000000000013,"4.21","3.59","0.616"
"Mize, Casey","663554","2026","446","321",0.23,0.23,0,0.381,0.377,0.0040000000000000036,0.287,0.29,-0.0030000000000000027,"3.45","3.48","-0.033"
"Lopez, Jacob","682052","2026","441","291",0.25,0.207,0.04300000000000001,0.411,0.332,0.07899999999999996,0.333,0.287,0.04600000000000004,"4.82","3.41","1.408"
"Gallen, Zac","668678","2026","440","344",0.304,0.312,-0.008000000000000007,0.506,0.531,-0.025000000000000022,0.373,0.383,-0.010000000000000009,"6.34","6.53","-0.193"
"Civale, Aaron","650644","2026","438","324",0.29,0.263,0.02699999999999997,0.485,0.438,0.046999999999999986,0.357,0.329,0.02799999999999997,"4.50","4.58","-0.08"
"Junk, Janson","676083","2026","435","333",0.266,0.258,0.008000000000000007,0.419,0.41,0.009000000000000008,0.322,0.317,0.0050000000000000044,"4.11","4.22","-0.113"
"Perkins, Jack","678022","2026","433","273",0.265,0.23,0.035,0.468,0.389,0.07900000000000001,0.356,0.313,0.04299999999999998,"6.42","4.11","2.31"
"Painter, Andrew","691725","2026","432","305",0.274,0.254,0.020000000000000018,0.452,0.424,0.028000000000000025,0.348,0.329,0.01899999999999996,"5.95","4.58","1.369"
"Pfaadt, Brandon","694297","2026","431","328",0.237,0.241,-0.0040000000000000036,0.378,0.385,-0.007000000000000006,0.294,0.3,-0.006000000000000005,"3.51","3.75","-0.236"
"Prielipp, Connor","687570","2026","430","279",0.263,0.241,0.02200000000000002,0.426,0.398,0.02799999999999997,0.334,0.317,0.017000000000000015,"5.54","4.22","1.325"
"Harrison, Kyle","690986","2026","423","265",0.227,0.224,0.0030000000000000027,0.38,0.353,0.027000000000000024,0.293,0.28,0.012999999999999956,"2.79","3.24","-0.453"
"Burrows, Mike","681347","2026","423","309",0.292,0.263,0.02899999999999997,0.508,0.441,0.067,0.375,0.337,0.03799999999999998,"5.99","4.84","1.149"
"Arrighetti, Spencer","681293","2026","421","258",0.219,0.24,-0.02099999999999999,0.369,0.399,-0.030000000000000027,0.323,0.346,-0.022999999999999965,"4.82","5.14","-0.325"
"Bello, Brayan","678394","2026","415","309",0.278,0.296,-0.01799999999999996,0.415,0.465,-0.050000000000000044,0.328,0.353,-0.024999999999999967,"4.85","5.38","-0.531"
"Sproat, Brandon","687075","2026","414","257",0.248,0.244,0.0040000000000000036,0.439,0.406,0.032999999999999974,0.351,0.337,0.013999999999999957,"5.27","4.84","0.428"
"Sheehan, Emmet","686218","2026","412","266",0.252,0.23,0.021999999999999992,0.485,0.403,0.08199999999999996,0.346,0.308,0.03799999999999998,"5.29","3.96","1.327"
"Scott, Christian","681035","2026","412","246",0.223,0.23,-0.007000000000000006,0.355,0.359,-0.0040000000000000036,0.307,0.31,-0.0030000000000000027,"3.80","4.02","-0.217"
"Cole, Gerrit","543037","2026","402","272",0.225,0.234,-0.009000000000000008,0.385,0.363,0.02200000000000002,0.287,0.281,0.00599999999999995,"3.19","3.26","-0.067"
"Boyd, Matthew","571510","2026","401","288",0.242,0.266,-0.02400000000000002,0.401,0.447,-0.045999999999999985,0.316,0.341,-0.025000000000000022,"3.99","4.97","-0.98"
"Soroka, Michael","647336","2026","395","274",0.24,0.261,-0.02100000000000002,0.362,0.412,-0.04999999999999999,0.291,0.319,-0.028000000000000025,"3.40","4.28","-0.881"
"Patrick, Chad","694477","2026","391","269",0.231,0.243,-0.011999999999999983,0.375,0.391,-0.016000000000000014,0.301,0.312,-0.01100000000000001,"3.41","4.08","-0.669"
"Early, Connelly","813349","2026","390","254",0.235,0.234,0.0009999999999999731,0.401,0.408,-0.006999999999999951,0.319,0.32,-0.0010000000000000009,"3.44","4.31","-0.874"
"Flaherty, Jack","656427","2026","389","238",0.24,0.236,0.0040000000000000036,0.416,0.394,0.021999999999999964,0.33,0.323,0.007000000000000006,"4.59","4.40","0.187"
"Yesavage, Trey","702056","2026","386","247",0.185,0.2,-0.015000000000000013,0.339,0.33,0.009000000000000008,0.28,0.285,-0.004999999999999949,"3.65","3.36","0.291"
"Jump, Gage","695611","2026","385","243",0.259,0.252,0.007000000000000006,0.408,0.381,0.02699999999999997,0.33,0.318,0.01200000000000001,"4.69","4.25","0.437"
"Alvarez, Andrew","674841","2026","382","252",0.233,0.252,-0.01899999999999999,0.343,0.381,-0.03799999999999998,0.3,0.321,-0.02100000000000002,"3.47","4.34","-0.866"
"Melton, Troy","675512","2026","382","271",0.201,0.229,-0.027999999999999997,0.342,0.353,-0.010999999999999954,0.27,0.287,-0.01699999999999996,"1.86","3.41","-1.554"
"Jax, Griffin","643377","2026","379","247",0.24,0.252,-0.01200000000000001,0.401,0.418,-0.01699999999999996,0.306,0.323,-0.017000000000000015,"3.63","4.40","-0.767"
"Miller, Bryce","682243","2026","376","258",0.221,0.213,0.008000000000000007,0.417,0.363,0.05399999999999999,0.3,0.277,0.022999999999999965,"4.12","3.17","0.947"
"Bennett, Jake","687562","2026","373","278",0.228,0.231,-0.0030000000000000027,0.324,0.364,-0.03999999999999998,0.262,0.277,-0.015000000000000013,"3.27","3.17","0.097"
"Anderson, Drew","623454","2026","370","234",0.242,0.224,0.017999999999999988,0.407,0.367,0.03999999999999998,0.322,0.302,0.020000000000000018,"3.87","3.80","0.072"
"Quantrill, Cal","615698","2026","368","272",0.228,0.246,-0.017999999999999988,0.364,0.412,-0.04799999999999999,0.285,0.309,-0.02400000000000002,"3.01","3.99","-0.979"
"Gordon, Tanner","685299","2026","365","279",0.307,0.259,0.04799999999999999,0.544,0.457,0.08700000000000002,0.375,0.323,0.05199999999999999,"5.38","4.40","0.978"
"Irvin, Jake","663623","2026","362","232",0.242,0.246,-0.0040000000000000036,0.423,0.452,-0.029000000000000026,0.337,0.351,-0.013999999999999957,"5.62","5.31","0.31"
"Bassitt, Chris","605135","2026","362","269",0.303,0.287,0.016000000000000014,0.444,0.42,0.02400000000000002,0.36,0.345,0.015000000000000013,"4.97","5.10","-0.129"
"Taillon, Jameson","592791","2026","362","253",0.253,0.257,-0.0040000000000000036,0.524,0.525,-0.0010000000000000009,0.364,0.363,0.0010000000000000009,"5.68","5.74","-0.061"
"Corbin, Patrick","571578","2026","360","266",0.302,0.289,0.013000000000000012,0.477,0.463,0.013999999999999957,0.364,0.356,0.008000000000000007,"5.51","5.49","0.023"
"Lodolo, Nick","666157","2026","359","251",0.291,0.302,-0.01100000000000001,0.497,0.496,0.0010000000000000009,0.376,0.384,-0.008000000000000007,"5.24","6.57","-1.329"
"Gasser, Robert","688107","2026","357","247",0.255,0.253,0.0020000000000000018,0.435,0.398,0.03699999999999998,0.332,0.317,0.015000000000000013,"4.59","4.22","0.371"
"Leiter, Jack","683004","2026","355","233",0.255,0.257,-0.0020000000000000018,0.439,0.43,0.009000000000000008,0.34,0.336,0.0040000000000000036,"5.29","4.81","0.477"
"Nelson, Ryne","669194","2026","355","265",0.249,0.261,-0.01200000000000001,0.477,0.5,-0.02300000000000002,0.336,0.349,-0.012999999999999956,"4.97","5.24","-0.272"
"Fried, Max","608331","2026","347","234",0.198,0.198,0,0.265,0.262,0.0030000000000000027,0.243,0.246,-0.0030000000000000027,"2.80","2.49","0.31"
"Blubaugh, AJ","805123","2026","346","224",0.209,0.215,-0.006000000000000005,0.358,0.367,-0.009000000000000008,0.286,0.299,-0.013000000000000012,"3.10","3.72","-0.625"
"Agnos, Zach","688642","2026","346","262",0.275,0.278,-0.0030000000000000027,0.447,0.447,0,0.341,0.345,-0.003999999999999948,"5.49","5.10","0.392"
"Canning, Griffin","656288","2026","343","225",0.278,0.248,0.030000000000000027,0.452,0.412,0.040000000000000036,0.357,0.33,0.02699999999999997,"6.08","4.61","1.468"
"Ohtani, Shohei","660271","2026","340","213",0.18,0.201,-0.02100000000000002,0.262,0.287,-0.024999999999999967,0.239,0.257,-0.018000000000000016,"1.79","2.72","-0.934"
"Brown, Hunter","686613","2026","340","206",0.21,0.202,0.00799999999999998,0.344,0.329,0.014999999999999958,0.303,0.293,0.010000000000000009,"3.33","3.56","-0.227"
"Miles, Spencer","693686","2026","336","237",0.224,0.23,-0.006000000000000005,0.308,0.324,-0.016000000000000014,0.26,0.269,-0.009000000000000008,"2.92","2.98","-0.064"
"Assad, Javier","665871","2026","332","253",0.233,0.264,-0.031,0.403,0.431,-0.02799999999999997,0.302,0.326,-0.02400000000000002,"3.46","4.49","-1.034"
"Cabrera, Edward","665795","2026","329","228",0.268,0.267,0.0010000000000000009,0.464,0.447,0.017000000000000015,0.35,0.344,0.006000000000000005,"5.68","5.07","0.614"
"Ashby, Aaron","676879","2026","327","184",0.231,0.198,0.033,0.325,0.28,0.044999999999999984,0.293,0.263,0.02999999999999997,"3.24","2.85","0.39"
"Suter, Brent","608718","2026","323","236",0.256,0.262,-0.006000000000000005,0.414,0.405,0.008999999999999952,0.316,0.315,0.0010000000000000009,"3.59","4.16","-0.568"
"Rodriguez, Grayson","680570","2026","322","220",0.28,0.272,0.008000000000000007,0.477,0.461,0.01599999999999996,0.359,0.355,0.0040000000000000036,"6.03","5.45","0.578"
"Johnson, Ryan","696270","2026","316","224",0.245,0.262,-0.017000000000000015,0.443,0.463,-0.020000000000000018,0.343,0.356,-0.012999999999999956,"5.47","5.49","-0.015"
"Teng, Kai-Wei","678906","2026","315","202",0.243,0.247,-0.0040000000000000036,0.412,0.406,0.00599999999999995,0.337,0.337,0,"4.42","4.84","-0.424"
"Ramírez, Yohan","670990","2026","315","176",0.195,0.21,-0.014999999999999986,0.302,0.294,0.008000000000000007,0.284,0.288,-0.0040000000000000036,"3.10","3.43","-0.334"
"Newcomb, Sean","656794","2026","313","209",0.202,0.244,-0.04199999999999998,0.289,0.35,-0.061,0.259,0.3,-0.04099999999999998,"2.19","3.75","-1.558"
"Jones, Jared","683003","2026","312","200",0.236,0.225,0.010999999999999982,0.436,0.392,0.043999999999999984,0.323,0.303,0.020000000000000018,"4.83","3.83","1"
"McDonald, Trevor","686790","2026","310","217",0.255,0.246,0.009000000000000008,0.384,0.359,0.025000000000000022,0.323,0.311,0.01200000000000001,"5.12","4.05","1.068"
"Avila, Luinder","679883","2026","309","204",0.272,0.251,0.02100000000000002,0.425,0.396,0.02899999999999997,0.355,0.339,0.01599999999999996,"5.53","4.90","0.629"
"Bachar, Lake","669199","2026","308","196",0.192,0.2,-0.008000000000000007,0.362,0.361,0.0010000000000000009,0.286,0.291,-0.0050000000000000044,"3.70","3.51","0.194"
"López, Reynaldo","625643","2026","306","209",0.245,0.256,-0.01100000000000001,0.412,0.426,-0.014000000000000012,0.322,0.33,-0.008000000000000007,"3.64","4.61","-0.968"
"Woods Richardson, Simeon","680573","2026","303","224",0.304,0.28,0.023999999999999966,0.504,0.467,0.03699999999999998,0.39,0.368,0.02200000000000002,"6.68","5.93","0.752"
"Holmes, Clay","605280","2026","303","221",0.201,0.256,-0.05499999999999999,0.281,0.369,-0.08799999999999997,0.251,0.308,-0.056999999999999995,"2.26","3.96","-1.7"
"Imai, Tatsuya","837227","2026","301","170",0.22,0.226,-0.006000000000000005,0.36,0.394,-0.03400000000000003,0.32,0.334,-0.014000000000000012,"5.32","4.74","0.58"
"Morejon, Adrian","670970","2026","301","185",0.204,0.2,0.003999999999999976,0.274,0.273,0.0010000000000000009,0.241,0.238,0.0030000000000000027,"2.55","2.33","0.224"
"Blackburn, Paul","621112","2026","299","208",0.189,0.229,-0.04000000000000001,0.285,0.343,-0.05800000000000005,0.251,0.288,-0.03699999999999998,"1.64","3.43","-1.787"
"Lord, Brad","695418","2026","297","197",0.213,0.235,-0.021999999999999992,0.329,0.378,-0.04899999999999999,0.284,0.313,-0.029000000000000026,"3.75","4.11","-0.364"
"Kochanowicz, Jack","686799","2026","296","208",0.259,0.272,-0.013000000000000012,0.382,0.439,-0.056999999999999995,0.331,0.359,-0.02799999999999997,"6.19","5.60","0.588"
"Bruihl, Justin","677865","2026","293","216",0.262,0.248,0.014000000000000012,0.361,0.346,0.015000000000000013,0.311,0.306,0.0050000000000000044,"3.39","3.91","-0.518"
"Schultz, Noah","702273","2026","291","193",0.251,0.273,-0.02200000000000002,0.425,0.454,-0.029000000000000026,0.345,0.364,-0.019000000000000017,"6.06","5.78","0.281"
"Matz, Steven","571927","2026","288","215",0.245,0.276,-0.031000000000000028,0.467,0.475,-0.007999999999999952,0.332,0.348,-0.01599999999999996,"5.99","5.21","0.775"
"Henderson, Logan","701656","2026","286","185",0.181,0.202,-0.02100000000000002,0.344,0.344,0,0.249,0.257,-0.008000000000000007,"2.48","2.72","-0.244"
"Headrick, Brent","687396","2026","285","178",0.238,0.219,0.01899999999999999,0.369,0.326,0.04299999999999998,0.292,0.267,0.024999999999999967,"1.97","2.93","-0.964"
"Taylor, Grant","691799","2026","282","165",0.192,0.188,0.0040000000000000036,0.275,0.284,-0.008999999999999952,0.245,0.248,-0.0030000000000000027,"2.03","2.53","-0.502"
"Burke, Brock","656271","2026","281","172",0.203,0.211,-0.00799999999999998,0.325,0.335,-0.010000000000000009,0.29,0.297,-0.007000000000000006,"2.62","3.67","-1.053"
"Gusto, Ryan","687473","2026","280","205",0.257,0.269,-0.01200000000000001,0.416,0.421,-0.0050000000000000044,0.321,0.326,-0.0050000000000000044,"3.98","4.49","-0.511"
"Fisher, Braydon","680755","2026","276","172",0.204,0.216,-0.01200000000000001,0.335,0.348,-0.012999999999999956,0.289,0.304,-0.015000000000000013,"3.31","3.85","-0.541"
"Watson, Ryan","670245","2026","276","197",0.251,0.269,-0.018000000000000016,0.421,0.453,-0.03200000000000003,0.321,0.343,-0.02200000000000002,"4.38","5.04","-0.658"
"Morris, Andrew","702193","2026","275","191",0.255,0.226,0.028999999999999998,0.36,0.319,0.04099999999999998,0.298,0.272,0.025999999999999968,"3.82","3.05","0.767"
"Peralta, Wandy","593974","2026","271","206",0.275,0.266,0.009000000000000008,0.414,0.381,0.032999999999999974,0.331,0.314,0.017000000000000015,"3.46","4.13","-0.668"
"Severino, Luis","622663","2026","271","173",0.258,0.231,0.026999999999999996,0.432,0.388,0.043999999999999984,0.346,0.318,0.02799999999999997,"4.17","4.25","-0.085"
"Medina, Luis","665622","2026","269","158",0.249,0.229,0.01999999999999999,0.397,0.383,0.014000000000000012,0.326,0.313,0.013000000000000012,"3.52","4.11","-0.588"
"Graceffo, Gordon","700669","2026","269","192",0.181,0.246,-0.065,0.297,0.429,-0.132,0.257,0.332,-0.07500000000000001,"2.90","4.68","-1.782"
"Varland, Louis","686973","2026","267","165",0.2,0.196,0.0040000000000000036,0.257,0.266,-0.009000000000000008,0.229,0.23,-0.0010000000000000009,"1.18","2.18","-1"
"Paddack, Chris","663978","2026","267","206",0.314,0.28,0.033999999999999975,0.483,0.45,0.032999999999999974,0.37,0.342,0.02799999999999997,"6.79","5.00","1.789"
"Zeferjahn, Ryan","666171","2026","266","137",0.188,0.182,0.006000000000000005,0.326,0.286,0.040000000000000036,0.293,0.28,0.012999999999999956,"3.98","3.24","0.744"
"Senzatela, Antonio","622608","2026","266","189",0.258,0.254,0.0040000000000000036,0.371,0.366,0.0050000000000000044,0.304,0.302,0.0020000000000000018,"3.71","3.80","-0.086"
"Harris, Hogan","663687","2026","266","146",0.234,0.206,0.028000000000000025,0.347,0.314,0.032999999999999974,0.319,0.296,0.02300000000000002,"3.55","3.64","-0.091"
"Holton, Tyler","663947","2026","266","195",0.266,0.252,0.014000000000000012,0.414,0.373,0.04099999999999998,0.326,0.304,0.02200000000000002,"3.00","3.85","-0.85"
"Richards, Trevor","670950","2026","265","186",0.221,0.238,-0.016999999999999987,0.4,0.407,-0.006999999999999951,0.292,0.305,-0.013000000000000012,"3.66","3.88","-0.224"
"Brown, Ben","676962","2026","265","179",0.186,0.223,-0.037000000000000005,0.248,0.335,-0.08700000000000002,0.228,0.279,-0.05100000000000002,"1.85","3.21","-1.357"
"Suarez, José","660761","2026","264","176",0.283,0.255,0.02799999999999997,0.429,0.345,0.08400000000000002,0.347,0.304,0.04299999999999998,"5.43","3.85","1.58"
"De Los Santos, Enyel","660853","2026","263","189",0.245,0.23,0.014999999999999986,0.408,0.371,0.03699999999999998,0.302,0.282,0.020000000000000018,"4.52","3.29","1.234"
"Mejia, Juan","675848","2026","261","173",0.279,0.264,0.015000000000000013,0.379,0.388,-0.009000000000000008,0.336,0.335,0.0010000000000000009,"5.56","4.77","0.789"
"Marinaccio, Ron","676760","2026","260","178",0.27,0.261,0.009000000000000008,0.482,0.426,0.055999999999999994,0.371,0.347,0.02400000000000002,"6.09","5.17","0.917"
"Kremer, Dean","665152","2026","260","177",0.243,0.244,-0.0010000000000000009,0.502,0.445,0.056999999999999995,0.344,0.325,0.01899999999999996,"5.60","4.46","1.141"
"Rogers, Tyler","643511","2026","258","199",0.228,0.224,0.0040000000000000036,0.276,0.294,-0.01799999999999996,0.253,0.258,-0.0050000000000000044,"1.90","2.74","-0.843"
"Bazardo, Eduard","660825","2026","258","176",0.261,0.255,0.006000000000000005,0.426,0.422,0.0040000000000000036,0.32,0.322,-0.0020000000000000018,"2.97","4.37","-1.403"
"Hoffman, Jeff","656546","2026","257","140",0.252,0.213,0.03900000000000001,0.383,0.33,0.05299999999999999,0.315,0.295,0.020000000000000018,"3.97","3.61","0.361"
"Okert, Steven","595345","2026","257","173",0.189,0.212,-0.022999999999999993,0.326,0.365,-0.03899999999999998,0.252,0.276,-0.02400000000000002,"2.16","3.14","-0.98"
"Alexander, Tyler","641302","2026","256","181",0.262,0.233,0.028999999999999998,0.345,0.328,0.01699999999999996,0.302,0.284,0.018000000000000016,"3.34","3.33","0.007"
"Ritchie, JR","702275","2026","256","162",0.221,0.24,-0.01899999999999999,0.376,0.408,-0.03199999999999997,0.324,0.344,-0.019999999999999962,"4.50","5.07","-0.57"
"Gómez, Yoendrys","672782","2026","255","166",0.225,0.253,-0.027999999999999997,0.372,0.441,-0.069,0.312,0.348,-0.035999999999999976,"3.72","5.21","-1.486"
"Wells, Tyler","669330","2026","254","171",0.198,0.21,-0.011999999999999983,0.353,0.363,-0.010000000000000009,0.264,0.274,-0.010000000000000009,"2.62","3.10","-0.483"
"Moll, Sam","594580","2026","252","162",0.252,0.241,0.01100000000000001,0.371,0.364,0.007000000000000006,0.326,0.327,-0.0010000000000000009,"4.55","4.52","0.034"
"Rodriguez, Bradgley","699134","2026","252","169",0.212,0.191,0.02099999999999999,0.312,0.278,0.033999999999999975,0.258,0.235,0.02300000000000002,"2.07","2.27","-0.204"
"Brazobán, Huascar","623211","2026","252","168",0.193,0.22,-0.026999999999999996,0.33,0.33,0,0.277,0.292,-0.014999999999999958,"3.16","3.54","-0.38"
"Soriano, George","666277","2026","252","165",0.219,0.23,-0.01100000000000001,0.393,0.399,-0.006000000000000005,0.306,0.318,-0.01200000000000001,"4.12","4.25","-0.131"
"Legumina, Casey","668984","2026","251","183",0.266,0.267,-0.0010000000000000009,0.392,0.405,-0.013000000000000012,0.311,0.319,-0.008000000000000007,"3.77","4.28","-0.509"
"Smith, Cade","671922","2026","251","141",0.203,0.199,0.0040000000000000036,0.315,0.337,-0.02200000000000002,0.264,0.274,-0.010000000000000009,"2.36","3.10","-0.739"
"Lynch IV, Daniel","663738","2026","250","183",0.202,0.244,-0.04199999999999998,0.333,0.397,-0.064,0.268,0.309,-0.04099999999999998,"3.06","3.99","-0.925"
"Brubaker, JT","664141","2026","250","183",0.225,0.274,-0.049000000000000016,0.349,0.427,-0.07800000000000001,0.294,0.341,-0.04700000000000004,"3.58","4.97","-1.39"
"Webb, Jacob","657097","2026","250","164",0.229,0.245,-0.015999999999999986,0.352,0.387,-0.03500000000000003,0.287,0.308,-0.02100000000000002,"2.87","3.96","-1.094"
"Ferrer, José A.","678606","2026","249","183",0.276,0.246,0.030000000000000027,0.4,0.37,0.030000000000000027,0.327,0.3,0.027000000000000024,"3.83","3.75","0.084"
"Scherzer, Max","453286","2026","248","175",0.242,0.232,0.009999999999999981,0.443,0.4,0.04299999999999998,0.336,0.316,0.020000000000000018,"6.16","4.19","1.968"
"Senga, Kodai","673540","2026","248","145",0.255,0.236,0.019000000000000017,0.495,0.423,0.07200000000000001,0.378,0.345,0.03300000000000003,"7.50","5.10","2.4"
"Faucher, Calvin","676534","2026","248","149",0.214,0.222,-0.008000000000000007,0.276,0.314,-0.03799999999999998,0.28,0.294,-0.013999999999999957,"3.90","3.59","0.312"
"Festa, Matt","670036","2026","248","164",0.259,0.231,0.027999999999999997,0.406,0.374,0.03200000000000003,0.321,0.299,0.02200000000000002,"3.61","3.72","-0.11"
"Rodón, Carlos","607074","2026","247","151",0.187,0.225,-0.038000000000000006,0.311,0.352,-0.04099999999999998,0.275,0.31,-0.034999999999999976,"3.20","4.02","-0.817"
"Fuentes, Didier","800311","2026","247","149",0.222,0.215,0.007000000000000006,0.312,0.329,-0.017000000000000015,0.266,0.269,-0.0030000000000000027,"2.39","2.98","-0.593"
"Soto, Gregory","642397","2026","245","148",0.192,0.195,-0.0030000000000000027,0.318,0.294,0.02400000000000002,0.271,0.264,0.007000000000000006,"3.20","2.87","0.333"
"Thornton, Zac","804267","2026","245","184",0.251,0.269,-0.018000000000000016,0.374,0.442,-0.068,0.298,0.329,-0.031000000000000028,"2.94","4.58","-1.645"
"Gray, Peyton","682608","2026","244","166",0.251,0.235,0.016000000000000014,0.434,0.373,0.061,0.317,0.29,0.027000000000000024,"3.93","3.48","0.447"
"Morán, Jovani","663558","2026","243","149",0.183,0.201,-0.018000000000000016,0.351,0.346,0.0050000000000000044,0.284,0.29,-0.006000000000000005,"3.55","3.48","0.069"
"Bieber, Shane","669456","2026","242","174",0.253,0.282,-0.02899999999999997,0.438,0.5,-0.062,0.335,0.368,-0.032999999999999974,"4.37","5.93","-1.565"
"Hudson, Bryan","663542","2026","239","164",0.256,0.226,0.03,0.343,0.318,0.025000000000000022,0.291,0.272,0.01899999999999996,"3.16","3.05","0.108"
"Finnegan, Kyle","640448","2026","238","162",0.261,0.254,0.007000000000000006,0.433,0.427,0.006000000000000005,0.354,0.348,0.006000000000000005,"3.27","5.21","-1.937"
"King, Bryan","687911","2026","238","169",0.271,0.253,0.018000000000000016,0.429,0.382,0.046999999999999986,0.34,0.317,0.02300000000000002,"4.75","4.22","0.535"
"Kelly, Kevin","687330","2026","237","173",0.195,0.261,-0.066,0.294,0.374,-0.08000000000000002,0.234,0.294,-0.05999999999999997,"1.98","3.59","-1.611"
"Mayza, Tim","641835","2026","237","162",0.225,0.231,-0.006000000000000005,0.367,0.373,-0.006000000000000005,0.28,0.283,-0.002999999999999947,"3.34","3.31","0.027"
"Márquez, Germán","608566","2026","236","173",0.264,0.266,-0.0020000000000000018,0.519,0.484,0.03500000000000003,0.371,0.362,0.009000000000000008,"5.26","5.71","-0.446"
"Clarke, Taylor","664199","2026","235","186",0.205,0.258,-0.05300000000000002,0.33,0.44,-0.10999999999999999,0.253,0.323,-0.07,"2.64","4.40","-1.759"
"Kerkering, Orion","689147","2026","235","146",0.2,0.2,0,0.325,0.296,0.029000000000000026,0.289,0.28,0.008999999999999952,"3.91","3.24","0.666"
"O'Brien, Riley","676617","2026","235","148",0.221,0.247,-0.025999999999999995,0.312,0.392,-0.08000000000000002,0.294,0.334,-0.040000000000000036,"3.95","4.74","-0.789"
"Lange, Alex","656638","2026","234","148",0.259,0.249,0.010000000000000009,0.418,0.412,0.006000000000000005,0.346,0.338,0.007999999999999952,"5.81","4.87","0.94"
"Bednar, David","670280","2026","234","149",0.184,0.197,-0.013000000000000012,0.269,0.273,-0.0040000000000000036,0.233,0.242,-0.00899999999999998,"2.31","2.41","-0.096"
"Cruz, Fernando","518585","2026","234","133",0.207,0.185,0.021999999999999992,0.369,0.324,0.044999999999999984,0.307,0.281,0.025999999999999968,"3.13","3.26","-0.132"
"Doval, Camilo","666808","2026","233","147",0.237,0.213,0.023999999999999994,0.381,0.327,0.05399999999999999,0.316,0.296,0.020000000000000018,"4.13","3.64","0.487"
"Lee, Dylan","669276","2026","233","144",0.178,0.193,-0.015000000000000013,0.285,0.306,-0.02100000000000002,0.227,0.246,-0.01899999999999999,"2.52","2.49","0.032"
"Fluharty, Mason","689254","2026","232","148",0.223,0.19,0.033,0.337,0.313,0.02400000000000002,0.286,0.262,0.023999999999999966,"3.44","2.82","0.616"
"Petersen, Michael","656848","2026","231","136",0.193,0.191,0.0020000000000000018,0.322,0.349,-0.02699999999999997,0.279,0.287,-0.007999999999999952,"3.35","3.41","-0.055"
"Dobbins, Hunter","690928","2026","231","153",0.24,0.233,0.0069999999999999785,0.397,0.366,0.031000000000000028,0.322,0.307,0.015000000000000013,"3.67","3.94","-0.273"
"Suárez, Albert","544150","2026","230","173",0.24,0.256,-0.016000000000000014,0.423,0.416,0.007000000000000006,0.314,0.324,-0.010000000000000009,"3.93","4.43","-0.503"
"Ginkel, Kevin","656464","2026","230","159",0.239,0.234,0.004999999999999977,0.402,0.404,-0.0020000000000000018,0.298,0.302,-0.0040000000000000036,"4.34","3.80","0.539"
"Garcia, Rico","670329","2026","229","148",0.176,0.212,-0.036000000000000004,0.341,0.348,-0.006999999999999951,0.263,0.28,-0.017000000000000015,"3.26","3.24","0.019"
"Stanek, Ryne","592773","2026","228","142",0.232,0.228,0.0040000000000000036,0.414,0.387,0.02699999999999997,0.329,0.315,0.014000000000000012,"4.39","4.16","0.228"
"Bernardino, Brennan","657514","2026","228","169",0.239,0.253,-0.014000000000000012,0.366,0.387,-0.02100000000000002,0.29,0.303,-0.013000000000000012,"2.62","3.83","-1.212"
"Montgomery, Mason","682254","2026","227","116",0.181,0.184,-0.0030000000000000027,0.289,0.288,0.0010000000000000009,0.246,0.247,-0.0010000000000000009,"3.07","2.51","0.562"
"Hart, Kyle","606996","2026","227","155",0.219,0.214,0.0050000000000000044,0.353,0.336,0.01699999999999996,0.285,0.278,0.006999999999999951,"3.90","3.19","0.714"
"Silseth, Chase","681217","2026","227","135",0.226,0.228,-0.0020000000000000018,0.353,0.384,-0.031000000000000028,0.306,0.316,-0.010000000000000009,"2.96","4.19","-1.229"
"Yarbrough, Ryan","642232","2026","226","162",0.221,0.228,-0.007000000000000006,0.337,0.327,0.010000000000000009,0.29,0.288,0.0020000000000000018,"3.91","3.43","0.476"
"Alvarado, José","621237","2026","226","136",0.272,0.231,0.04100000000000001,0.421,0.352,0.069,0.349,0.307,0.04199999999999998,"5.73","3.94","1.793"
"Abreu, Bryan","650556","2026","225","117",0.199,0.198,0.0010000000000000009,0.37,0.332,0.03799999999999998,0.329,0.316,0.013000000000000012,"4.01","4.19","-0.184"
"Rogers, Taylor","573124","2026","224","155",0.276,0.246,0.030000000000000027,0.401,0.369,0.03200000000000003,0.335,0.315,0.020000000000000018,"4.74","4.16","0.583"
"Kolek, Stephen","663568","2026","224","176",0.262,0.262,0,0.448,0.38,0.068,0.329,0.303,0.026000000000000023,"4.50","3.83","0.67"
"Latz, Jacob","656641","2026","222","138",0.134,0.177,-0.04299999999999998,0.233,0.291,-0.05799999999999997,0.192,0.237,-0.044999999999999984,"1.65","2.31","-0.66"
"Dobnak, Randy","677976","2026","221","166",0.254,0.287,-0.032999999999999974,0.345,0.382,-0.03700000000000003,0.3,0.328,-0.028000000000000025,"1.92","4.55","-2.634"
"Henriquez, Edgardo","683618","2026","220","128",0.164,0.167,-0.0030000000000000027,0.228,0.231,-0.0030000000000000027,0.241,0.243,-0.0020000000000000018,"2.77","2.43","0.335"
"Anderson, Grant","681982","2026","220","150",0.208,0.208,0,0.411,0.334,0.07699999999999996,0.301,0.274,0.02699999999999997,"3.42","3.10","0.316"
"Dreyer, Jack","676263","2026","219","132",0.2,0.215,-0.014999999999999986,0.338,0.353,-0.014999999999999958,0.271,0.281,-0.010000000000000009,"2.98","3.26","-0.278"
"Miller, Mason","695243","2026","219","93",0.143,0.132,0.010999999999999982,0.184,0.184,0,0.196,0.19,0.006000000000000005,"1.26","1.52","-0.264"
"Nunez, Anthony","689296","2026","218","136",0.219,0.223,-0.0040000000000000036,0.358,0.374,-0.016000000000000014,0.3,0.306,-0.006000000000000005,"4.29","3.91","0.381"
"Holderman, Colin","670059","2026","218","139",0.182,0.22,-0.038000000000000006,0.241,0.343,-0.10200000000000004,0.251,0.304,-0.05299999999999999,"2.75","3.85","-1.098"
"Weissert, Greg","669711","2026","217","146",0.245,0.228,0.016999999999999987,0.403,0.379,0.02400000000000002,0.31,0.297,0.013000000000000012,"3.83","3.67","0.162"
"Matsui, Yuki","673513","2026","217","126",0.168,0.168,0,0.307,0.313,-0.006000000000000005,0.268,0.276,-0.008000000000000007,"2.02","3.14","-1.115"
"Cruz, Steven","674444","2026","217","139",0.237,0.243,-0.006000000000000005,0.454,0.404,0.04999999999999999,0.333,0.316,0.017000000000000015,"4.36","4.19","0.165"
"Domínguez, Seranthony","622554","2026","216","126",0.214,0.219,-0.0050000000000000044,0.396,0.383,0.013000000000000012,0.323,0.323,0,"4.53","4.40","0.13"
"Winn, Cole","668390","2026","215","149",0.277,0.274,0.0030000000000000027,0.456,0.442,0.014000000000000012,0.342,0.337,0.0050000000000000044,"5.63","4.84","0.785"
"Morillo, Juan","666661","2026","214","131",0.19,0.178,0.01200000000000001,0.27,0.249,0.02100000000000002,0.244,0.234,0.009999999999999981,"2.19","2.25","-0.056"
"Hill, Tim","657612","2026","213","173",0.237,0.261,-0.02400000000000002,0.397,0.42,-0.022999999999999965,0.303,0.321,-0.018000000000000016,"4.08","4.34","-0.265"
"Scott, Tanner","656945","2026","213","133",0.202,0.237,-0.034999999999999976,0.318,0.353,-0.034999999999999976,0.245,0.273,-0.028000000000000025,"2.46","3.07","-0.615"
"Loáisiga, Jonathan","642528","2026","212","161",0.231,0.229,0.0020000000000000018,0.328,0.343,-0.015000000000000013,0.261,0.271,-0.010000000000000009,"2.48","3.03","-0.545"
"Hughes, Gabriel","687312","2026","211","152",0.27,0.235,0.03500000000000003,0.427,0.355,0.07200000000000001,0.334,0.295,0.039000000000000035,"6.61","3.61","2.998"
"Baker, Bryan","641329","2026","210","131",0.159,0.204,-0.044999999999999984,0.265,0.313,-0.04799999999999999,0.226,0.265,-0.03900000000000001,"1.50","2.89","-1.39"
"Farris, Mitch","815083","2026","210","134",0.276,0.268,0.008000000000000007,0.486,0.445,0.04099999999999998,0.369,0.35,0.019000000000000017,"4.28","5.27","-0.987"
"Santana, Dennis","642701","2026","209","142",0.251,0.254,-0.0030000000000000027,0.47,0.437,0.032999999999999974,0.351,0.34,0.010999999999999954,"5.55","4.94","0.613"
"Kilian, Caleb","668873","2026","209","129",0.238,0.216,0.021999999999999992,0.359,0.36,-0.0010000000000000009,0.302,0.292,0.010000000000000009,"4.91","3.54","1.369"
"Rolison, Ryan","669020","2026","208","136",0.231,0.242,-0.010999999999999982,0.352,0.376,-0.02400000000000002,0.302,0.316,-0.014000000000000012,"2.79","4.19","-1.403"
"Erceg, Lucas","668674","2026","208","142",0.312,0.263,0.04899999999999999,0.465,0.361,0.10400000000000004,0.392,0.34,0.05199999999999999,"6.23","4.94","1.291"
"Vodnik, Victor","680767","2026","207","144",0.264,0.239,0.025000000000000022,0.391,0.357,0.03400000000000003,0.334,0.314,0.020000000000000018,"4.73","4.13","0.6"
"Iglesias, Raisel","628452","2026","207","138",0.232,0.232,0,0.363,0.379,-0.016000000000000014,0.291,0.295,-0.0040000000000000036,"2.82","3.61","-0.786"
"Sandoval, Patrick","663776","2026","207","136",0.306,0.272,0.033999999999999975,0.467,0.44,0.027000000000000024,0.369,0.344,0.025000000000000022,"4.20","5.07","-0.87"
"Svanson, Matt","694335","2026","207","143",0.306,0.301,0.0050000000000000044,0.45,0.467,-0.017000000000000015,0.364,0.369,-0.0050000000000000044,"7.27","5.97","1.299"
"Bubic, Kris","663460","2026","207","129",0.2,0.24,-0.03999999999999998,0.322,0.395,-0.07300000000000001,0.286,0.327,-0.041000000000000036,"4.11","4.52","-0.407"
"Nance, Tommy","667297","2026","206","134",0.251,0.254,-0.0030000000000000027,0.35,0.384,-0.03400000000000003,0.296,0.312,-0.016000000000000014,"3.35","4.08","-0.728"
"Muñoz, Andrés","662253","2026","204","106",0.214,0.206,0.008000000000000007,0.352,0.339,0.012999999999999956,0.289,0.283,0.006000000000000005,"4.28","3.31","0.973"
"Javier, Cristian","664299","2026","204","141",0.297,0.268,0.02899999999999997,0.489,0.446,0.04299999999999998,0.373,0.346,0.027000000000000024,"6.45","5.14","1.308"
"Herrin, Tim","682120","2026","203","130",0.216,0.205,0.01100000000000001,0.365,0.357,0.008000000000000007,0.301,0.303,-0.0020000000000000018,"3.14","3.83","-0.686"
"Schreiber, John","670167","2026","203","144",0.232,0.256,-0.023999999999999994,0.401,0.417,-0.01599999999999996,0.311,0.326,-0.015000000000000013,"3.65","4.49","-0.841"
"Fermin, José","820862","2026","203","123",0.226,0.239,-0.012999999999999984,0.373,0.397,-0.02400000000000002,0.309,0.322,-0.013000000000000012,"3.28","4.37","-1.091"
"Megill, Trevor","656730","2026","203","131",0.162,0.196,-0.034,0.2,0.319,-0.119,0.19,0.249,-0.059,"2.24","2.55","-0.314"
"Weaver, Luke","596133","2026","203","132",0.178,0.202,-0.02400000000000002,0.265,0.337,-0.07200000000000001,0.229,0.264,-0.035,"2.27","2.87","-0.605"
"Gaddis, Hunter","683769","2026","202","136",0.235,0.247,-0.01200000000000001,0.341,0.38,-0.03899999999999998,0.294,0.312,-0.018000000000000016,"3.11","4.08","-0.972"
"Vesia, Alex","681911","2026","202","112",0.153,0.178,-0.024999999999999994,0.247,0.305,-0.057999999999999996,0.245,0.278,-0.03300000000000003,"3.02","3.19","-0.169"
"Bowlan, Jonathan","680742","2026","200","121",0.199,0.195,0.0040000000000000036,0.309,0.306,0.0030000000000000027,0.258,0.258,0,"2.90","2.74","0.159"
"Raley, Brooks","548384","2026","199","132",0.211,0.224,-0.013000000000000012,0.349,0.35,-0.0010000000000000009,0.279,0.29,-0.010999999999999954,"2.22","3.48","-1.261"
"Duran, Jhoan","661395","2026","198","118",0.227,0.194,0.033,0.259,0.253,0.006000000000000005,0.244,0.226,0.017999999999999988,"1.64","2.11","-0.468"
"Bachman, Sam","696147","2026","198","122",0.202,0.213,-0.010999999999999982,0.351,0.319,0.03199999999999997,0.305,0.299,0.006000000000000005,"4.14","3.72","0.419"
"Myers, Tobias","668964","2026","198","152",0.279,0.277,0.0020000000000000018,0.519,0.439,0.08000000000000002,0.36,0.332,0.02799999999999997,"6.26","4.68","1.581"
"Sulser, Cole","642121","2026","197","135",0.261,0.255,0.006000000000000005,0.433,0.468,-0.03500000000000003,0.319,0.328,-0.009000000000000008,"4.86","4.55","0.306"
"King, John","667463","2026","197","143",0.192,0.229,-0.037000000000000005,0.372,0.404,-0.03200000000000003,0.281,0.31,-0.02899999999999997,"3.99","4.02","-0.033"
"Scholtens, Jesse","669947","2026","196","145",0.26,0.276,-0.016000000000000014,0.492,0.466,0.025999999999999968,0.348,0.348,0,"4.03","5.21","-1.18"
"McCullers Jr., Lance","621121","2026","195","118",0.247,0.236,0.01100000000000001,0.458,0.378,0.08000000000000002,0.359,0.328,0.030999999999999972,"6.54","4.55","1.995"
"Bratt, Mitch","683352","2026","194","136",0.244,0.227,0.016999999999999987,0.415,0.355,0.06,0.341,0.312,0.029000000000000026,"4.71","4.08","0.625"
"Adams, Travis","701519","2026","193","123",0.25,0.235,0.015000000000000013,0.453,0.411,0.04200000000000004,0.341,0.319,0.02200000000000002,"5.68","4.28","1.404"
"Glasnow, Tyler","607192","2026","192","116",0.159,0.183,-0.023999999999999994,0.284,0.309,-0.025000000000000022,0.222,0.243,-0.02099999999999999,"2.79","2.43","0.357"
"Kikuchi, Yusei","579328","2026","192","131",0.284,0.268,0.01599999999999996,0.497,0.464,0.032999999999999974,0.359,0.351,0.008000000000000007,"5.65","5.31","0.341"
"Uribe, Abner","682842","2026","191","124",0.188,0.217,-0.028999999999999998,0.253,0.281,-0.028000000000000025,0.239,0.26,-0.02100000000000002,"2.05","2.78","-0.732"
"Junis, Jakob","596001","2026","191","141",0.227,0.264,-0.037000000000000005,0.313,0.385,-0.07200000000000001,0.267,0.308,-0.04099999999999998,"2.72","3.96","-1.241"
"Antone, Tejay","622088","2026","190","129",0.223,0.232,-0.009000000000000008,0.404,0.394,0.010000000000000009,0.306,0.307,-0.0010000000000000009,"3.92","3.94","-0.024"
"Kinley, Tyler","641755","2026","190","123",0.22,0.203,0.016999999999999987,0.421,0.357,0.064,0.318,0.287,0.031000000000000028,"3.75","3.41","0.335"
"Herget, Jimmy","623474","2026","190","127",0.285,0.239,0.045999999999999985,0.5,0.398,0.10199999999999998,0.372,0.323,0.04899999999999999,"5.95","4.40","1.553"
"Beeter, Clayton","690925","2026","190","112",0.19,0.212,-0.021999999999999992,0.327,0.345,-0.01799999999999996,0.295,0.318,-0.02300000000000002,"3.45","4.25","-0.799"
"Kittredge, Andrew","552640","2026","189","142",0.269,0.269,0,0.394,0.396,-0.0020000000000000018,0.308,0.307,0.0010000000000000009,"3.19","3.94","-0.751"
"Orze, Eric","679358","2026","189","130",0.264,0.253,0.01100000000000001,0.377,0.367,0.010000000000000009,0.318,0.313,0.0050000000000000044,"5.66","4.11","1.551"
"Dollander, Chase","801403","2026","189","121",0.238,0.217,0.02099999999999999,0.409,0.387,0.021999999999999964,0.32,0.307,0.013000000000000012,"3.89","3.94","-0.054"
"Klein, Will","694361","2026","189","116",0.267,0.235,0.03200000000000003,0.345,0.302,0.04299999999999998,0.319,0.288,0.031000000000000028,"3.67","3.43","0.242"
"Shugart, Chase","663767","2026","188","113",0.241,0.219,0.021999999999999992,0.481,0.409,0.07200000000000001,0.344,0.315,0.02899999999999997,"4.71","4.16","0.545"
"Romero, JoJo","668941","2026","186","123",0.244,0.262,-0.018000000000000016,0.384,0.433,-0.04899999999999999,0.313,0.337,-0.02400000000000002,"3.35","4.84","-1.491"
"Thompson, Ryan","657044","2026","186","141",0.304,0.275,0.02899999999999997,0.435,0.381,0.05399999999999999,0.346,0.311,0.034999999999999976,"4.43","4.05","0.376"
"Chapman, Aroldis","547973","2026","186","107",0.195,0.184,0.01100000000000001,0.299,0.289,0.010000000000000009,0.268,0.259,0.009000000000000008,"1.81","2.76","-0.947"
"Sewald, Paul","623149","2026","186","124",0.219,0.225,-0.006000000000000005,0.485,0.481,0.0040000000000000036,0.324,0.324,0,"5.44","4.43","1.01"
"Funderburk, Kody","681892","2026","185","123",0.214,0.229,-0.015000000000000013,0.286,0.337,-0.051000000000000045,0.282,0.307,-0.025000000000000022,"3.77","3.94","-0.173"
"Barnett, Mason","686930","2026","185","121",0.266,0.25,0.016000000000000014,0.538,0.446,0.09200000000000003,0.388,0.35,0.038000000000000034,"7.08","5.27","1.812"
"Sterner, Justin","686993","2026","184","131",0.274,0.225,0.049000000000000016,0.524,0.399,0.125,0.36,0.292,0.068,"6.12","3.54","2.577"
"Hicks, Jordan","663855","2026","184","106",0.24,0.211,0.028999999999999998,0.357,0.273,0.08399999999999996,0.314,0.273,0.04099999999999998,"4.43","3.07","1.356"
"Miller, Erik","669062","2026","184","93",0.195,0.179,0.016000000000000014,0.266,0.265,0.0010000000000000009,0.271,0.265,0.006000000000000005,"2.09","2.89","-0.797"
"Hurt, Kyle","669165","2026","184","107",0.226,0.214,0.01200000000000001,0.365,0.372,-0.007000000000000006,0.311,0.306,0.0050000000000000044,"4.50","3.91","0.59"
"Alvarado, Elvis","665660","2026","183","106",0.201,0.204,-0.002999999999999975,0.409,0.43,-0.02100000000000002,0.313,0.328,-0.015000000000000013,"4.00","4.55","-0.55"
"Sisk, Evan","681895","2026","182","105",0.221,0.197,0.023999999999999994,0.322,0.285,0.03700000000000003,0.309,0.286,0.02300000000000002,"2.55","3.38","-0.829"
"Wolfram, Grant","664991","2026","182","119",0.261,0.227,0.034,0.416,0.357,0.059,0.328,0.293,0.03500000000000003,"5.05","3.56","1.489"
"Pérez, Cionel","672335","2026","181","124",0.267,0.265,0.0020000000000000018,0.418,0.47,-0.05199999999999999,0.331,0.346,-0.014999999999999958,"4.97","5.14","-0.172"
"Quintana, Jose","500779","2026","181","143",0.288,0.275,0.012999999999999956,0.5,0.441,0.059,0.364,0.343,0.020999999999999963,"5.27","5.04","0.228"
"Cano, Yennier","666974","2026","179","128",0.216,0.222,-0.006000000000000005,0.269,0.335,-0.066,0.241,0.272,-0.031000000000000028,"3.07","3.05","0.018"
"Warren, Austin","681810","2026","179","110",0.252,0.254,-0.0020000000000000018,0.432,0.414,0.018000000000000016,0.344,0.337,0.006999999999999951,"4.28","4.84","-0.565"
"De Jesus, Enmanuel","646241","2026","178","122",0.239,0.253,-0.014000000000000012,0.358,0.407,-0.04899999999999999,0.3,0.323,-0.02300000000000002,"3.83","4.40","-0.573"
"Williams, Devin","642207","2026","178","106",0.277,0.219,0.058000000000000024,0.394,0.31,0.08400000000000002,0.338,0.282,0.05600000000000005,"4.66","3.29","1.365"
"Waldron, Matt","663362","2026","178","133",0.323,0.234,0.089,0.54,0.383,0.15700000000000003,0.388,0.297,0.09100000000000003,"7.15","3.67","3.484"
"Parker, Mitchell","680730","2026","178","129",0.289,0.272,0.01699999999999996,0.503,0.462,0.04099999999999998,0.371,0.347,0.02400000000000002,"6.58","5.17","1.41"
"Thornton, Trent","663423","2026","177","134",0.226,0.257,-0.031,0.409,0.451,-0.04200000000000004,0.308,0.335,-0.027000000000000024,"3.45","4.77","-1.319"
"Lawrence, Justin","664875","2026","177","100",0.275,0.267,0.008000000000000007,0.549,0.455,0.09400000000000003,0.414,0.38,0.033999999999999975,"7.34","6.41","0.93"
"Fairbanks, Pete","664126","2026","177","98",0.221,0.209,0.01200000000000001,0.429,0.423,0.006000000000000005,0.325,0.318,0.007000000000000006,"6.03","4.25","1.775"
"Hall, DL","669084","2026","176","97",0.137,0.186,-0.04899999999999999,0.219,0.268,-0.049000000000000016,0.242,0.277,-0.03500000000000003,"2.20","3.17","-0.97"
"Winn, Keaton","676775","2026","176","123",0.222,0.24,-0.017999999999999988,0.34,0.36,-0.019999999999999962,0.29,0.308,-0.018000000000000016,"3.35","3.96","-0.611"
"Gibson, Cade","806188","2026","176","119",0.276,0.246,0.030000000000000027,0.379,0.328,0.05099999999999999,0.337,0.308,0.029000000000000026,"5.87","3.96","1.91"
"Thielbar, Caleb","573204","2026","175","110",0.244,0.234,0.009999999999999981,0.463,0.452,0.01100000000000001,0.329,0.319,0.010000000000000009,"4.97","4.28","0.688"
"Ribalta, Orlando","687377","2026","175","117",0.221,0.213,0.008000000000000007,0.351,0.389,-0.038000000000000034,0.29,0.301,-0.01100000000000001,"3.86","3.77","0.087"
"Woodruff, Brandon","605540","2026","174","116",0.174,0.2,-0.026000000000000023,0.304,0.358,-0.05399999999999999,0.231,0.263,-0.032,"2.98","2.85","0.128"
"Bird, Jake","656234","2026","172","113",0.276,0.234,0.04200000000000001,0.454,0.41,0.04400000000000004,0.351,0.318,0.032999999999999974,"5.35","4.25","1.103"
"Whitlock, Garrett","676477","2026","171","114",0.199,0.217,-0.017999999999999988,0.292,0.318,-0.026000000000000023,0.23,0.248,-0.017999999999999988,"2.00","2.53","-0.53"
"Cleavinger, Garrett","664076","2026","171","98",0.24,0.234,0.005999999999999978,0.397,0.367,0.030000000000000027,0.311,0.304,0.007000000000000006,"4.28","3.85","0.425"
"Yates, Kirby","489446","2026","169","101",0.214,0.21,0.0040000000000000036,0.331,0.321,0.010000000000000009,0.291,0.287,0.0040000000000000036,"3.40","3.41","-0.007"
"Sabrowski, Erik","681870","2026","169","77",0.179,0.154,0.024999999999999994,0.307,0.266,0.04099999999999998,0.278,0.259,0.019000000000000017,"2.98","2.76","0.215"
"Dodd, Dylan","689266","2026","168","108",0.171,0.197,-0.025999999999999995,0.303,0.33,-0.027000000000000024,0.245,0.264,-0.019000000000000017,"2.08","2.87","-0.793"
"Mattson, Isaac","676755","2026","166","113",0.274,0.288,-0.013999999999999957,0.425,0.495,-0.07,0.345,0.373,-0.028000000000000025,"4.91","6.13","-1.221"
"Johnson, Pierce","572955","2026","165","116",0.238,0.272,-0.03400000000000003,0.415,0.475,-0.06,0.314,0.35,-0.035999999999999976,"4.42","5.27","-0.848"
"Strider, Spencer","675911","2026","165","98",0.232,0.188,0.04400000000000001,0.5,0.359,0.14100000000000001,0.355,0.29,0.065,"5.31","3.48","1.828"
"Whisenhunt, Carson","687931","2026","164","116",0.293,0.272,0.020999999999999963,0.464,0.467,-0.0030000000000000027,0.372,0.368,0.0040000000000000036,"6.49","5.93","0.56"
"Kimbrel, Craig","518886","2026","163","108",0.213,0.237,-0.023999999999999994,0.376,0.377,-0.0010000000000000009,0.303,0.313,-0.010000000000000009,"4.05","4.11","-0.06"
"Gibson, Trey","694346","2026","161","105",0.284,0.291,-0.007000000000000006,0.478,0.487,-0.009000000000000008,0.385,0.391,-0.006000000000000005,"7.36","6.87","0.494"
"Strahm, Matt","621381","2026","161","115",0.269,0.225,0.04400000000000001,0.572,0.428,0.14399999999999996,0.389,0.316,0.07300000000000001,"7.32","4.19","3.128"
"Madden, Ty","680744","2026","160","105",0.2,0.21,-0.009999999999999981,0.324,0.314,0.010000000000000009,0.27,0.269,0.0010000000000000009,"3.46","2.98","0.482"
"Kuhnel, Joel","669270","2026","157","119",0.288,0.297,-0.009000000000000008,0.468,0.441,0.027000000000000024,0.358,0.355,0.0030000000000000027,"4.84","5.45","-0.61"
"Englert, Mason","669438","2026","157","116",0.297,0.28,0.01699999999999996,0.552,0.549,0.0030000000000000027,0.37,0.365,0.0050000000000000044,"4.54","5.82","-1.278"
"Banda, Anthony","607455","2026","156","100",0.235,0.234,0.0009999999999999731,0.402,0.375,0.027000000000000024,0.335,0.325,0.010000000000000009,"4.46","4.46","-0.004"
"Santillan, Tony","663574","2026","156","103",0.264,0.272,-0.008000000000000007,0.527,0.551,-0.02400000000000002,0.385,0.394,-0.009000000000000008,"6.95","7.00","-0.05"
"Hoppe, Alex","695380","2026","155","101",0.229,0.244,-0.014999999999999986,0.336,0.33,0.006000000000000005,0.284,0.287,-0.0030000000000000027,"4.42","3.41","1.008"
"Paredes, Mike","702474","2026","154","118",0.269,0.279,-0.010000000000000009,0.47,0.446,0.023999999999999966,0.352,0.349,0.0030000000000000027,"4.72","5.24","-0.522"
"Guerrero, Tyron","594027","2026","154","110",0.234,0.223,0.01100000000000001,0.297,0.313,-0.016000000000000014,0.254,0.253,0.0010000000000000009,"2.58","2.63","-0.047"
"Tidwell, Blade","694918","2026","154","108",0.239,0.233,0.005999999999999978,0.384,0.358,0.026000000000000023,0.309,0.296,0.013000000000000012,"4.54","3.64","0.9"
"Speier, Gabe","642100","2026","154","104",0.212,0.225,-0.013000000000000012,0.356,0.399,-0.04300000000000004,0.29,0.31,-0.020000000000000018,"2.68","4.02","-1.344"
"Hentges, Sam","656529","2026","154","92",0.24,0.215,0.024999999999999994,0.28,0.301,-0.020999999999999963,0.304,0.303,0.0010000000000000009,"3.27","3.83","-0.557"
"Schultz, Paxton","687606","2026","153","107",0.314,0.276,0.03799999999999998,0.489,0.453,0.035999999999999976,0.372,0.342,0.02999999999999997,"6.40","5.00","1.402"
"Poulin, PJ","676571","2026","153","106",0.206,0.256,-0.05000000000000002,0.351,0.441,-0.09000000000000002,0.302,0.353,-0.05099999999999999,"2.70","5.38","-2.68"
"Barlow, Scott","605130","2026","153","97",0.21,0.236,-0.025999999999999995,0.435,0.448,-0.013000000000000012,0.341,0.358,-0.01699999999999996,"6.48","5.56","0.92"
"Garcia, Brandyn","805299","2026","152","90",0.162,0.171,-0.009000000000000008,0.228,0.265,-0.037000000000000005,0.22,0.235,-0.014999999999999986,"2.25","2.27","-0.02"
"Varland, Gus","681402","2026","151","106",0.326,0.303,0.02300000000000002,0.591,0.579,0.01200000000000001,0.412,0.4,0.011999999999999955,"6.82","7.27","-0.449"
"Aldegheri, Sam","691951","2026","151","111",0.238,0.271,-0.03300000000000003,0.4,0.45,-0.04999999999999999,0.319,0.355,-0.035999999999999976,"5.08","5.45","-0.371"
"Ragans, Cole","666142","2026","151","83",0.213,0.218,-0.0050000000000000044,0.488,0.452,0.035999999999999976,0.355,0.344,0.01100000000000001,"4.84","5.07","-0.23"
"Ferguson, Caleb","657571","2026","150","99",0.287,0.253,0.033999999999999975,0.473,0.421,0.05199999999999999,0.367,0.334,0.032999999999999974,"5.18","4.74","0.442"
"Eisert, Brandon","685126","2026","150","98",0.265,0.229,0.036000000000000004,0.478,0.37,0.10799999999999998,0.348,0.291,0.056999999999999995,"6.29","3.51","2.781"
"Milner, Hoby","571948","2026","149","119",0.256,0.296,-0.03999999999999998,0.398,0.45,-0.05199999999999999,0.31,0.351,-0.04099999999999998,"3.53","5.31","-1.777"
"Jansen, Kenley","445276","2026","148","87",0.175,0.202,-0.027000000000000024,0.357,0.362,-0.0050000000000000044,0.284,0.296,-0.01200000000000001,"4.04","3.64","0.397"
"Banks, Tanner","621383","2026","146","101",0.344,0.262,0.08199999999999996,0.595,0.419,0.176,0.423,0.323,0.09999999999999998,"7.14","4.40","2.738"
"Lovelady, Richard","663992","2026","146","95",0.286,0.282,0.0040000000000000036,0.445,0.423,0.02200000000000002,0.371,0.361,0.010000000000000009,"3.86","5.67","-1.813"
"Armstrong, Shawn","542888","2026","146","92",0.236,0.209,0.026999999999999996,0.382,0.362,0.020000000000000018,0.324,0.308,0.016000000000000014,"4.91","3.96","0.949"
"Walker, Ryan","676254","2026","146","106",0.304,0.258,0.045999999999999985,0.472,0.399,0.07299999999999995,0.371,0.323,0.04799999999999999,"6.97","4.40","2.568"
"Wilson, Bryse","669060","2026","145","110",0.293,0.277,0.01599999999999996,0.4,0.393,0.007000000000000006,0.315,0.303,0.01200000000000001,"3.67","3.83","-0.16"
"Hill, Jaden","677955","2026","144","89",0.25,0.24,0.010000000000000009,0.375,0.353,0.02200000000000002,0.329,0.317,0.01200000000000001,"4.99","4.22","0.769"
"Leiter Jr., Mark","643410","2026","144","91",0.258,0.269,-0.01100000000000001,0.344,0.365,-0.02100000000000002,0.304,0.316,-0.01200000000000001,"4.28","4.19","0.087"
"Pearson, Nate","663878","2026","143","92",0.19,0.22,-0.03,0.256,0.339,-0.08300000000000002,0.273,0.312,-0.03899999999999998,"2.34","4.08","-1.743"
"Sears, JP","676664","2026","143","104",0.258,0.263,-0.0050000000000000044,0.422,0.441,-0.019000000000000017,0.328,0.345,-0.01699999999999996,"4.68","5.10","-0.416"
"Rucker, Michael","621074","2026","142","89",0.254,0.236,0.018000000000000016,0.373,0.355,0.018000000000000016,0.318,0.302,0.016000000000000014,"6.47","3.80","2.669"
"Black, Mason","696131","2026","142","101",0.252,0.284,-0.03199999999999997,0.429,0.482,-0.05299999999999999,0.354,0.387,-0.03300000000000003,"4.31","6.70","-2.391"
"Bender, Anthony","669622","2026","140","84",0.169,0.194,-0.024999999999999994,0.226,0.284,-0.05799999999999997,0.225,0.254,-0.028999999999999998,"2.62","2.65","-0.029"
"Garcia, Julian","670062","2026","139","92",0.187,0.205,-0.017999999999999988,0.398,0.331,0.067,0.29,0.274,0.01599999999999996,"3.47","3.10","0.368"
"Dion, Will","702021","2026","139","88",0.233,0.216,0.017000000000000015,0.411,0.35,0.061,0.306,0.276,0.02999999999999997,"3.67","3.14","0.53"
"Petty, Chase","695534","2026","139","112",0.248,0.278,-0.030000000000000027,0.448,0.47,-0.021999999999999964,0.328,0.361,-0.032999999999999974,"4.83","5.67","-0.838"
"Giolito, Lucas","608337","2026","138","96",0.281,0.262,0.019000000000000017,0.412,0.406,0.00599999999999995,0.37,0.357,0.013000000000000012,"5.16","5.52","-0.363"
"Pagán, Emilio","641941","2026","138","91",0.213,0.199,0.013999999999999985,0.41,0.4,0.009999999999999953,0.298,0.29,0.008000000000000007,"4.05","3.48","0.57"
"Crochet, Garrett","676979","2026","138","86",0.27,0.262,0.008000000000000007,0.467,0.442,0.025000000000000022,0.359,0.344,0.015000000000000013,"6.30","5.07","1.23"
"Slaten, Justin","686580","2026","137","90",0.276,0.223,0.05300000000000002,0.417,0.332,0.08499999999999996,0.323,0.266,0.056999999999999995,"4.60","2.91","1.686"
"Minter, A.J.","621345","2026","137","101",0.209,0.232,-0.02300000000000002,0.372,0.392,-0.020000000000000018,0.268,0.285,-0.01699999999999996,"1.82","3.36","-1.543"
"Ahlstrom, Robby","695239","2026","136","95",0.268,0.255,0.013000000000000012,0.455,0.394,0.061,0.339,0.31,0.029000000000000026,"6.03","4.02","2.012"
"Maton, Phil","664208","2026","136","84",0.306,0.294,0.01200000000000001,0.514,0.487,0.027000000000000024,0.398,0.389,0.009000000000000008,"6.18","6.78","-0.599"
"Pomeranz, Drew","519141","2026","135","100",0.278,0.267,0.01100000000000001,0.496,0.463,0.032999999999999974,0.369,0.351,0.018000000000000016,"5.59","5.31","0.276"
"Keller, Brad","641745","2026","135","88",0.246,0.226,0.01999999999999999,0.364,0.313,0.05099999999999999,0.309,0.284,0.025000000000000022,"4.02","3.33","0.691"
"Adam, Jason","592094","2026","134","102",0.242,0.224,0.017999999999999988,0.403,0.371,0.03200000000000003,0.309,0.288,0.02100000000000002,"2.50","3.43","-0.925"
"Hader, Josh","623352","2026","134","75",0.114,0.153,-0.03899999999999999,0.163,0.256,-0.093,0.167,0.217,-0.04999999999999999,"0.74","1.95","-1.207"
"Phillips, Connor","683175","2026","133","74",0.208,0.24,-0.032,0.356,0.407,-0.05099999999999999,0.347,0.377,-0.030000000000000027,"5.53","6.28","-0.75"
"Wesneski, Hayden","669713","2026","133","92",0.229,0.244,-0.014999999999999986,0.356,0.371,-0.015000000000000013,0.293,0.307,-0.014000000000000012,"3.86","3.94","-0.083"
"Murphy, Chris","669684","2026","132","84",0.234,0.211,0.02300000000000002,0.36,0.321,0.03899999999999998,0.317,0.294,0.02300000000000002,"4.20","3.59","0.61"
"Yoho, Craig","684974","2026","132","83",0.195,0.212,-0.016999999999999987,0.416,0.385,0.030999999999999972,0.316,0.312,0.0040000000000000036,"4.60","4.08","0.516"
"Weiss, Ryan","680802","2026","131","81",0.315,0.269,0.045999999999999985,0.568,0.488,0.07999999999999996,0.426,0.379,0.046999999999999986,"7.62","6.37","1.245"
"Rojas, Kendry","696070","2026","130","73",0.221,0.179,0.04200000000000001,0.327,0.282,0.04500000000000004,0.321,0.288,0.03300000000000003,"3.34","3.43","-0.093"
"Smith, Dylan","681916","2026","130","76",0.227,0.215,0.01200000000000001,0.355,0.36,-0.0050000000000000044,0.294,0.293,0.0010000000000000009,"3.34","3.56","-0.223"
"Roycroft, Chris","688297","2026","128","94",0.333,0.307,0.026000000000000023,0.577,0.519,0.05799999999999994,0.422,0.389,0.032999999999999974,"8.06","6.78","1.285"
"Williamson, Brandon","682227","2026","128","86",0.255,0.276,-0.02100000000000002,0.431,0.486,-0.05499999999999999,0.36,0.389,-0.029000000000000026,"6.11","6.78","-0.673"
"Gage, Matt","657424","2026","126","86",0.267,0.257,0.010000000000000009,0.505,0.43,0.07500000000000001,0.376,0.352,0.02400000000000002,"5.60","5.34","0.258"
"Estrada, Jeremiah","669093","2026","126","72",0.183,0.21,-0.026999999999999996,0.266,0.315,-0.04899999999999999,0.259,0.286,-0.02699999999999997,"3.48","3.38","0.104"
"Waguespack, Jacob","621097","2026","126","95",0.155,0.221,-0.066,0.291,0.328,-0.03700000000000003,0.239,0.28,-0.041000000000000036,"2.50","3.24","-0.735"
"Woodford, Jake","663765","2026","126","96",0.348,0.333,0.014999999999999958,0.522,0.484,0.038000000000000034,0.384,0.369,0.015000000000000013,"7.18","5.97","1.207"
"Klassen, George","691946","2026","125","79",0.225,0.26,-0.035,0.324,0.388,-0.064,0.317,0.358,-0.04099999999999998,"3.67","5.56","-1.893"
"Schweitzer, Tyler","805326","2026","125","99",0.263,0.285,-0.021999999999999964,0.43,0.48,-0.04999999999999999,0.33,0.357,-0.02699999999999997,"3.64","5.52","-1.88"
"Zuber, Tyler","676604","2026","125","86",0.274,0.241,0.03300000000000003,0.479,0.368,0.11099999999999999,0.346,0.29,0.055999999999999994,"3.68","3.48","0.202"
"Basso, Brady","669620","2026","123","97",0.299,0.274,0.024999999999999967,0.487,0.372,0.11499999999999999,0.34,0.295,0.04500000000000004,"4.50","3.61","0.89"
"Wilcox, Cole","677961","2026","123","76",0.262,0.284,-0.021999999999999964,0.34,0.404,-0.064,0.326,0.355,-0.02899999999999997,"4.00","5.45","-1.45"
"Dotel, Wilber","696062","2026","123","79",0.25,0.241,0.009000000000000008,0.343,0.36,-0.01699999999999996,0.299,0.304,-0.0050000000000000044,"4.71","3.85","0.859"
"Rangel, Alan","660604","2026","123","79",0.29,0.249,0.04099999999999998,0.495,0.37,0.125,0.378,0.317,0.061,"5.88","4.22","1.665"
"Booser, Cam","592155","2026","121","77",0.177,0.189,-0.01200000000000001,0.327,0.342,-0.015000000000000013,0.236,0.247,-0.01100000000000001,"1.97","2.51","-0.541"
"Suarez, Robert","663158","2026","121","88",0.184,0.252,-0.068,0.219,0.351,-0.13199999999999998,0.203,0.282,-0.07899999999999996,"0.56","3.29","-2.727"
"Greene, Hunter","668881","2026","121","79",0.261,0.268,-0.007000000000000006,0.423,0.429,-0.006000000000000005,0.322,0.325,-0.0030000000000000027,"6.83","4.46","2.371"
"Criswell, Cooper","681867","2026","121","89",0.257,0.24,0.017000000000000015,0.385,0.357,0.028000000000000025,0.301,0.285,0.016000000000000014,"3.52","3.36","0.162"
"Sommers, Drew","805427","2026","121","62",0.224,0.167,0.056999999999999995,0.299,0.222,0.07699999999999999,0.272,0.219,0.05300000000000002,"3.10","1.98","1.123"
"Povich, Cade","700249","2026","120","88",0.275,0.264,0.01100000000000001,0.459,0.453,0.006000000000000005,0.351,0.342,0.008999999999999952,"4.45","5.00","-0.553"
"Davila, Nick","689546","2026","119","89",0.24,0.274,-0.03400000000000003,0.35,0.386,-0.03600000000000003,0.315,0.341,-0.026000000000000023,"4.94","4.97","-0.031"
"Vest, Will","676684","2026","116","77",0.275,0.244,0.031000000000000028,0.382,0.365,0.017000000000000015,0.326,0.307,0.019000000000000017,"6.08","3.94","2.135"
"Walker, Taijuan","592836","2026","115","86",0.353,0.312,0.04099999999999998,0.657,0.582,0.07500000000000007,0.455,0.411,0.04400000000000004,"9.13","7.78","1.352"
"Morgan, David","688158","2026","115","69",0.313,0.23,0.08299999999999999,0.438,0.285,0.15300000000000002,0.38,0.292,0.08800000000000002,"5.09","3.54","1.547"
"Akin, Keegan","669211","2026","114","88",0.284,0.246,0.03799999999999998,0.441,0.371,0.07,0.337,0.298,0.039000000000000035,"5.68","3.69","1.994"
"Bradford, Cody","674003","2026","114","94",0.324,0.286,0.038000000000000034,0.438,0.466,-0.028000000000000025,0.351,0.342,0.008999999999999952,"3.42","5.00","-1.582"
"Sullivan, Sean","807743","2026","114","84",0.343,0.241,0.10200000000000004,0.677,0.431,0.24600000000000005,0.461,0.335,0.126,"8.87","4.77","4.096"
"Seabold, Connor","657756","2026","113","81",0.306,0.253,0.05299999999999999,0.429,0.364,0.065,0.352,0.308,0.043999999999999984,"5.25","3.96","1.29"
"Beeks, Jalen","656222","2026","113","84",0.272,0.282,-0.009999999999999953,0.495,0.522,-0.027000000000000024,0.351,0.363,-0.01200000000000001,"3.81","5.74","-1.932"
"Mederos, Victor","682989","2026","112","74",0.204,0.228,-0.02400000000000002,0.327,0.327,0,0.276,0.289,-0.012999999999999956,"3.04","3.46","-0.422"
"Macko, Adam","671936","2026","111","72",0.292,0.258,0.033999999999999975,0.406,0.423,-0.01699999999999996,0.342,0.331,0.01100000000000001,"5.18","4.65","0.528"
"Roberts, Ethan","681799","2026","110","76",0.237,0.255,-0.018000000000000016,0.376,0.391,-0.015000000000000013,0.332,0.342,-0.010000000000000009,"4.21","5.00","-0.792"
"Romano, Jordan","605447","2026","110","68",0.245,0.234,0.010999999999999982,0.319,0.311,0.008000000000000007,0.302,0.294,0.008000000000000007,"4.88","3.59","1.285"
"Urquidy, José","664353","2026","110","82",0.304,0.225,0.07899999999999999,0.471,0.331,0.13999999999999996,0.361,0.273,0.08799999999999997,"5.63","3.07","2.555"
"Ashcraft, Graham","668933","2026","109","61",0.183,0.197,-0.014000000000000012,0.312,0.307,0.0050000000000000044,0.279,0.287,-0.007999999999999952,"3.33","3.41","-0.077"
"Hernández, Jonathan","642546","2026","109","74",0.219,0.255,-0.036000000000000004,0.385,0.389,-0.0040000000000000036,0.304,0.321,-0.017000000000000015,"5.68","4.34","1.344"
"Snell, Blake","605483","2026","109","60",0.17,0.166,0.0040000000000000036,0.202,0.204,-0.001999999999999974,0.227,0.225,0.0020000000000000018,"2.42","2.09","0.333"
"Topa, Justin","623437","2026","108","79",0.337,0.288,0.049000000000000044,0.511,0.464,0.046999999999999986,0.403,0.367,0.03600000000000003,"6.96","5.89","1.065"
"Halvorsen, Seth","678020","2026","107","73",0.244,0.297,-0.05299999999999999,0.411,0.462,-0.051000000000000045,0.341,0.379,-0.03799999999999998,"4.09","6.37","-2.279"
"Sandlin, David","689818","2026","106","69",0.237,0.23,0.0069999999999999785,0.462,0.39,0.07200000000000001,0.347,0.318,0.02899999999999997,"6.93","4.25","2.682"
"Davis, Tyler","699823","2026","106","69",0.191,0.219,-0.027999999999999997,0.281,0.324,-0.04299999999999998,0.262,0.288,-0.025999999999999968,"4.10","3.43","0.671"
"Johnson, Seth","686751","2026","106","62",0.284,0.259,0.024999999999999967,0.477,0.426,0.05099999999999999,0.39,0.361,0.029000000000000026,"7.29","5.67","1.616"
"Collyer, Gavin","686560","2026","105","58",0.188,0.192,-0.0040000000000000036,0.275,0.278,-0.0030000000000000027,0.317,0.318,-0.0010000000000000009,"5.09","4.25","0.837"
"Way, Beck","694360","2026","105","73",0.293,0.257,0.035999999999999976,0.435,0.395,0.03999999999999998,0.35,0.341,0.008999999999999952,"3.86","4.97","-1.113"
"Rodríguez, Elmer","695684","2026","105","72",0.253,0.261,-0.008000000000000007,0.356,0.394,-0.038000000000000034,0.33,0.355,-0.024999999999999967,"4.70","5.45","-0.754"
"Mey, Luis","682825","2026","104","53",0.214,0.201,0.012999999999999984,0.333,0.353,-0.019999999999999962,0.312,0.316,-0.0040000000000000036,"3.91","4.19","-0.277"
"Borucki, Ryan","621366","2026","104","78",0.293,0.253,0.03999999999999998,0.478,0.373,0.10499999999999998,0.364,0.31,0.05399999999999999,"4.94","4.02","0.924"
"Natera Jr., Samy","696519","2026","104","51",0.14,0.147,-0.0069999999999999785,0.226,0.231,-0.0050000000000000044,0.214,0.219,-0.0050000000000000044,"2.00","1.98","0.02"
"Stock, Robert","476594","2026","104","67",0.307,0.251,0.055999999999999994,0.443,0.386,0.056999999999999995,0.383,0.339,0.043999999999999984,"7.40","4.90","2.503"
"Gastelum, Luis","703725","2026","102","61",0.228,0.218,0.010000000000000009,0.478,0.411,0.067,0.331,0.304,0.027000000000000024,"5.04","3.85","1.19"
"Hurter, Brant","676428","2026","101","70",0.174,0.235,-0.061,0.267,0.332,-0.065,0.25,0.304,-0.05399999999999999,"2.84","3.85","-1.008"
"Blanco, Ronel","669854","2026","101","68",0.253,0.246,0.007000000000000006,0.552,0.469,0.08300000000000007,0.386,0.354,0.03200000000000003,"7.71","5.42","2.294"
"Little, Brendon","663893","2026","101","49",0.325,0.22,0.10500000000000001,0.588,0.373,0.21499999999999997,0.438,0.322,0.11599999999999999,"8.27","4.37","3.904"
"Sanders, Cam","676742","2026","101","54",0.198,0.209,-0.010999999999999982,0.272,0.313,-0.04099999999999998,0.295,0.312,-0.017000000000000015,"5.64","4.08","1.562"
"Treinen, Blake","595014","2026","100","64",0.239,0.261,-0.02200000000000002,0.398,0.475,-0.07699999999999996,0.312,0.348,-0.035999999999999976,"3.52","5.21","-1.688"
"Nardi, Andrew","677053","2026","99","60",0.244,0.241,0.0030000000000000027,0.442,0.465,-0.02300000000000002,0.343,0.348,-0.004999999999999949,"5.16","5.21","-0.048"
"Cabrera, Jose","703615","2026","99","72",0.264,0.261,0.0030000000000000027,0.437,0.459,-0.02200000000000002,0.347,0.352,-0.0050000000000000044,"5.32","5.34","-0.022"
"Pallette, Peyton","688883","2026","97","56",0.218,0.25,-0.032,0.346,0.384,-0.038000000000000034,0.333,0.356,-0.022999999999999965,"5.23","5.49","-0.264"
"Pintaro, Jonathan","702752","2026","96","57",0.215,0.227,-0.01200000000000001,0.392,0.384,0.008000000000000007,0.33,0.332,-0.0020000000000000018,"4.30","4.68","-0.376"
"Coulombe, Danny","543056","2026","96","70",0.225,0.251,-0.025999999999999995,0.275,0.311,-0.035999999999999976,0.3,0.321,-0.02100000000000002,"4.50","4.34","0.16"
"Cornelio, Riley","683000","2026","96","56",0.239,0.192,0.046999999999999986,0.338,0.291,0.04700000000000004,0.334,0.318,0.016000000000000014,"5.40","4.25","1.15"
"Bolton, Cody","675989","2026","95","58",0.269,0.276,-0.007000000000000006,0.462,0.472,-0.009999999999999953,0.371,0.38,-0.009000000000000008,"5.40","6.41","-1.01"
"Drake, Kohl","684442","2026","95","67",0.293,0.298,-0.0050000000000000044,0.585,0.597,-0.01200000000000001,0.403,0.412,-0.008999999999999952,"6.53","7.83","-1.298"
"Backhus, Kyle","679775","2026","94","66",0.294,0.247,0.046999999999999986,0.447,0.385,0.062,0.349,0.308,0.04099999999999998,"4.95","3.96","0.99"
"Sousa, Bennett","656986","2026","93","60",0.313,0.22,0.093,0.438,0.353,0.08500000000000002,0.374,0.304,0.07,"6.52","3.85","2.667"
"Abel, Mick","690953","2026","93","57",0.275,0.273,0.0020000000000000018,0.35,0.413,-0.063,0.329,0.349,-0.019999999999999962,"3.98","5.24","-1.256"
"Anderson, Shaun","641312","2026","93","65",0.309,0.303,0.006000000000000005,0.469,0.515,-0.04600000000000004,0.38,0.391,-0.01100000000000001,"7.65","6.87","0.78"
"Hanifee, Brenan","669724","2026","93","75",0.286,0.301,-0.015000000000000013,0.512,0.5,0.01200000000000001,0.369,0.37,-0.0010000000000000009,"5.06","6.01","-0.947"
"Franco, Jose","683742","2026","92","62",0.25,0.236,0.014000000000000012,0.461,0.391,0.07,0.363,0.347,0.016000000000000014,"4.43","5.17","-0.744"
"Morgan, Eli","669212","2026","91","64",0.3,0.324,-0.02400000000000002,0.525,0.513,0.01200000000000001,0.396,0.399,-0.0030000000000000027,"5.12","7.22","-2.099"
"Samaniego, Tyler","701719","2026","90","63",0.286,0.268,0.01799999999999996,0.351,0.398,-0.04700000000000004,0.324,0.331,-0.007000000000000006,"2.66","4.65","-1.994"
"Morales, Luis","806960","2026","90","62",0.365,0.303,0.062,0.73,0.522,0.20799999999999996,0.499,0.407,0.09200000000000003,"13.50","7.59","5.91"
"Blewett, Scott","656240","2026","90","67",0.263,0.249,0.014000000000000012,0.325,0.311,0.014000000000000012,0.273,0.282,-0.008999999999999952,"2.08","3.29","-1.213"
"Mathews, Quinn","687273","2026","89","60",0.295,0.239,0.055999999999999994,0.372,0.312,0.06,0.327,0.283,0.04400000000000004,"5.03","3.31","1.724"
"Fernandez, Ryan","681676","2026","89","55",0.228,0.222,0.006000000000000005,0.38,0.351,0.029000000000000026,0.302,0.289,0.013000000000000012,"3.98","3.46","0.524"
"Bummer, Aaron","607481","2026","88","63",0.324,0.271,0.05299999999999999,0.676,0.521,0.15500000000000003,0.457,0.382,0.07500000000000001,"10.26","6.49","3.77"
"Kent, Jackson","800600","2026","88","56",0.247,0.253,-0.006000000000000005,0.356,0.399,-0.04300000000000004,0.335,0.351,-0.01599999999999996,"5.59","5.31","0.276"
"Barco, Hunter","682995","2026","87","58",0.296,0.28,0.01599999999999996,0.535,0.466,0.069,0.411,0.381,0.02999999999999997,"7.64","6.45","1.192"
"Duarte, Daniel","650960","2026","87","56",0.136,0.185,-0.04899999999999999,0.235,0.309,-0.07400000000000001,0.196,0.244,-0.04799999999999999,"1.50","2.45","-0.95"
"Jameson, Drey","686753","2026","86","62",0.257,0.275,-0.018000000000000016,0.378,0.397,-0.019000000000000017,0.325,0.341,-0.016000000000000014,"5.12","4.97","0.151"
"Seymour, Carson","693313","2026","85","59",0.267,0.303,-0.035999999999999976,0.44,0.466,-0.026000000000000023,0.35,0.373,-0.02300000000000002,"4.58","6.13","-1.554"
"Gil, Luis","661563","2026","85","62",0.211,0.262,-0.05100000000000002,0.507,0.498,0.009000000000000008,0.368,0.385,-0.017000000000000015,"6.05","6.61","-0.558"
"Crow, Coleman","689441","2026","85","68",0.276,0.269,0.007000000000000006,0.474,0.448,0.025999999999999968,0.34,0.34,0,"5.30","4.94","0.364"
"Gamboa, Alec","687941","2026","85","64",0.197,0.18,0.017000000000000015,0.303,0.275,0.02799999999999997,0.245,0.243,0.0020000000000000018,"1.23","2.43","-1.203"
"Castaño, Blas","680604","2026","85","60",0.289,0.288,0.0010000000000000009,0.526,0.502,0.02400000000000002,0.377,0.367,0.010000000000000009,"3.92","5.89","-1.971"
"Bigge, Hunter","685801","2026","85","57",0.2,0.23,-0.03,0.329,0.341,-0.01200000000000001,0.297,0.311,-0.014000000000000012,"6.98","4.05","2.933"
"De los Santos, Yerry","660787","2026","84","61",0.216,0.255,-0.03900000000000001,0.311,0.375,-0.064,0.269,0.308,-0.03899999999999998,"1.35","3.96","-2.61"
"Alexander, Jason","669920","2026","84","61",0.28,0.257,0.02300000000000002,0.56,0.415,0.14500000000000007,0.392,0.332,0.06,"9.33","4.68","4.647"
"Palencia, Daniel","694037","2026","84","52",0.267,0.237,0.030000000000000027,0.427,0.396,0.030999999999999972,0.329,0.307,0.02200000000000002,"4.19","3.94","0.25"
"Kranick, Max","668820","2026","83","62",0.324,0.271,0.05299999999999999,0.549,0.439,0.11000000000000004,0.417,0.357,0.06,"7.41","5.52","1.892"
"Mears, Nick","683232","2026","83","57",0.257,0.298,-0.04099999999999998,0.443,0.506,-0.063,0.344,0.382,-0.038000000000000034,"5.12","6.49","-1.369"
"Aleman, Franco","680916","2026","82","50",0.264,0.203,0.061,0.375,0.305,0.07,0.33,0.277,0.05299999999999999,"3.38","3.17","0.205"
"Bido, Osvaldo","674370","2026","81","56",0.224,0.273,-0.049000000000000016,0.403,0.449,-0.045999999999999985,0.344,0.376,-0.03200000000000003,"6.27","6.24","0.028"
"Boyle, Joe","671212","2026","81","51",0.186,0.234,-0.048000000000000015,0.314,0.361,-0.046999999999999986,0.262,0.307,-0.044999999999999984,"5.21","3.94","1.271"
"Walker, Josh","677020","2026","81","56",0.247,0.221,0.025999999999999995,0.384,0.328,0.055999999999999994,0.301,0.268,0.032999999999999974,"2.33","2.96","-0.632"
"Juenger, Hayden","696522","2026","81","65",0.358,0.313,0.044999999999999984,0.478,0.473,0.0050000000000000044,0.388,0.371,0.017000000000000015,"9.00","6.05","2.95"
"Bidois, Brandan","684049","2026","80","47",0.297,0.253,0.043999999999999984,0.547,0.469,0.07800000000000007,0.408,0.363,0.044999999999999984,"6.32","5.74","0.579"
"Jobe, Jackson","695549","2026","80","54",0.261,0.272,-0.01100000000000001,0.406,0.44,-0.033999999999999975,0.345,0.361,-0.016000000000000014,"3.93","5.67","-1.743"
"Murray, Jayden","681151","2026","79","56",0.362,0.273,0.08899999999999997,0.594,0.495,0.09899999999999998,0.438,0.363,0.07500000000000001,"9.37","5.74","3.627"
"Díaz, Edwin","621242","2026","79","47",0.385,0.303,0.08200000000000002,0.631,0.456,0.175,0.468,0.378,0.09000000000000002,"11.85","6.32","5.534"
"Curry, Xzavion","675540","2026","78","57",0.232,0.2,0.032,0.406,0.349,0.05700000000000005,0.323,0.287,0.03600000000000003,"3.44","3.41","0.026"
"Leasure, Jordan","673929","2026","78","52",0.217,0.269,-0.05200000000000002,0.507,0.624,-0.11699999999999999,0.337,0.406,-0.069,"6.27","7.54","-1.272"
"Laweryson, Cody","689520","2026","78","50",0.227,0.245,-0.017999999999999988,0.409,0.389,0.019999999999999962,0.32,0.329,-0.009000000000000008,"4.86","4.58","0.28"
"Palmquist, Carson","687223","2026","78","52",0.323,0.271,0.05199999999999999,0.431,0.374,0.056999999999999995,0.378,0.337,0.04099999999999998,"7.71","4.84","2.874"
"Phillips, Evan","623465","2026","75","49",0.261,0.254,0.007000000000000006,0.464,0.519,-0.05499999999999999,0.322,0.341,-0.019000000000000017,"4.08","4.97","-0.895"
"Morris, Kade","695034","2026","75","57",0.385,0.263,0.122,0.615,0.359,0.256,0.448,0.327,0.121,"9.82","4.52","5.298"
"Cosgrove, Tom","676680","2026","74","52",0.29,0.249,0.04099999999999998,0.565,0.41,0.15499999999999997,0.379,0.32,0.059,"7.71","4.31","3.404"
"Ekness, Josh","694795","2026","74","52",0.172,0.229,-0.05700000000000002,0.234,0.37,-0.13599999999999998,0.242,0.31,-0.068,"1.45","4.02","-2.574"
"García, Luis","472610","2026","74","61",0.348,0.329,0.01899999999999996,0.545,0.522,0.02300000000000002,0.415,0.397,0.01799999999999996,"9.00","7.13","1.87"
"Carrillo, Gerardo","672629","2026","73","38",0.172,0.168,0.003999999999999976,0.224,0.246,-0.021999999999999992,0.269,0.273,-0.0040000000000000036,"1.06","3.07","-2.011"
"Chivilli, Angel","683409","2026","73","49",0.215,0.22,-0.0050000000000000044,0.431,0.395,0.035999999999999976,0.321,0.309,0.01200000000000001,"3.78","3.99","-0.21"
"Carrasco, Carlos","471911","2026","73","61",0.318,0.371,-0.05299999999999999,0.485,0.586,-0.10099999999999998,0.373,0.431,-0.057999999999999996,"5.94","8.80","-2.86"
"Smith, Burch","572143","2026","73","46",0.277,0.217,0.060000000000000026,0.462,0.347,0.11500000000000005,0.354,0.287,0.067,"3.18","3.41","-0.234"
"Stewart, Brock","592779","2026","72","46",0.141,0.174,-0.033,0.266,0.272,-0.006000000000000005,0.218,0.234,-0.016000000000000014,"1.90","2.25","-0.355"
"Kelly, Zack","677161","2026","71","49",0.233,0.29,-0.05699999999999997,0.3,0.432,-0.132,0.28,0.368,-0.08799999999999997,"3.31","5.93","-2.624"
"Williams, Trevor","592866","2026","71","42",0.238,0.223,0.014999999999999986,0.381,0.319,0.062,0.306,0.279,0.02699999999999997,"2.65","3.21","-0.563"
"Mantiply, Joe","573009","2026","71","50",0.254,0.266,-0.01200000000000001,0.349,0.446,-0.09700000000000003,0.29,0.332,-0.04200000000000004,"2.04","4.68","-2.642"
"Henry, Cole","669371","2026","71","44",0.288,0.256,0.03199999999999997,0.542,0.478,0.06400000000000006,0.409,0.374,0.034999999999999976,"7.90","6.16","1.742"
"Enns, Dietrich","608650","2026","70","46",0.236,0.211,0.024999999999999994,0.327,0.335,-0.008000000000000007,0.306,0.301,0.0050000000000000044,"3.94","3.77","0.168"
"Ferguson, Tyler","621053","2026","70","45",0.215,0.235,-0.01999999999999999,0.492,0.483,0.009000000000000008,0.328,0.332,-0.0040000000000000036,"5.29","4.68","0.614"
"Kent, Zak","687849","2026","69","51",0.295,0.261,0.033999999999999975,0.59,0.451,0.13899999999999996,0.401,0.351,0.050000000000000044,"6.28","5.31","0.969"
"Helsley, Ryan","664854","2026","68","38",0.22,0.185,0.035,0.407,0.296,0.11099999999999999,0.319,0.265,0.05399999999999999,"4.11","2.89","1.219"
"Brogdon, Connor","641401","2026","67","50",0.23,0.258,-0.027999999999999997,0.525,0.514,0.01100000000000001,0.336,0.345,-0.008999999999999952,"5.28","5.10","0.183"
"Maxwell, Zach","687209","2026","67","45",0.321,0.268,0.05299999999999999,0.518,0.444,0.07400000000000001,0.406,0.359,0.04700000000000004,"8.31","5.60","2.708"
"Allen, Logan","671106","2026","67","46",0.283,0.217,0.06599999999999998,0.5,0.396,0.10399999999999998,0.363,0.298,0.065,"3.77","3.69","0.077"
"Cuas, Jose","621016","2026","67","42",0.276,0.292,-0.01599999999999996,0.362,0.394,-0.03200000000000003,0.329,0.345,-0.01599999999999996,"1.80","5.10","-3.3"
"Pivetta, Nick","601713","2026","66","36",0.2,0.154,0.04600000000000001,0.267,0.228,0.03900000000000001,0.248,0.212,0.036000000000000004,"4.50","1.86","2.64"
"Fulton, Dax","690978","2026","66","41",0.204,0.206,-0.0020000000000000018,0.296,0.278,0.01799999999999996,0.292,0.295,-0.0030000000000000027,"4.50","3.61","0.89"
"Thomas, Connor","671162","2026","66","49",0.364,0.272,0.09199999999999997,0.6,0.448,0.15199999999999997,0.442,0.361,0.08100000000000002,"12.08","5.67","6.409"
"Martin, Trevor","694680","2026","66","50",0.31,0.254,0.055999999999999994,0.569,0.478,0.09099999999999997,0.416,0.359,0.056999999999999995,"4.39","5.60","-1.205"
"Martin, Chris","455119","2026","66","54",0.403,0.344,0.05900000000000005,0.71,0.568,0.14200000000000002,0.479,0.408,0.07100000000000001,"9.00","7.64","1.36"
"Young, Danny","664849","2026","65","34",0.313,0.241,0.07200000000000001,0.563,0.468,0.09499999999999992,0.449,0.391,0.057999999999999996,"8.03","6.87","1.157"
"Hartlieb, Geoff","664129","2026","64","49",0.327,0.254,0.07300000000000001,0.519,0.389,0.13,0.392,0.327,0.065,"6.08","4.52","1.555"
"Beck, Tristan","663941","2026","64","52",0.304,0.249,0.05499999999999999,0.482,0.434,0.04799999999999999,0.367,0.33,0.03699999999999998,"7.07","4.61","2.461"
"Brash, Matt","666374","2026","64","40",0.151,0.234,-0.08300000000000002,0.189,0.347,-0.15799999999999997,0.218,0.316,-0.098,"0.54","4.19","-3.65"
"Abner, Philip","691769","2026","64","50",0.25,0.305,-0.05499999999999999,0.411,0.539,-0.12800000000000006,0.336,0.401,-0.065,"6.28","7.31","-1.031"
"Sanmartin, Reiver","665665","2026","63","47",0.271,0.27,0.0010000000000000009,0.508,0.435,0.07300000000000001,0.349,0.322,0.02699999999999997,"4.91","4.37","0.539"
"Barnes, Charlie","656212","2026","63","49",0.309,0.321,-0.01200000000000001,0.527,0.531,-0.0040000000000000036,0.402,0.404,-0.0020000000000000018,"6.92","7.45","-0.527"
"Smith-Shawver, AJ","700363","2026","63","45",0.259,0.262,-0.0030000000000000027,0.37,0.408,-0.03799999999999998,0.323,0.34,-0.017000000000000015,"5.93","4.94","0.987"
"Foley, Jason","671345","2026","62","46",0.286,0.249,0.03699999999999998,0.411,0.347,0.064,0.322,0.283,0.039000000000000035,"4.50","3.31","1.19"
"Hollowell, Gavin","668970","2026","62","40",0.208,0.24,-0.032,0.377,0.447,-0.07,0.315,0.351,-0.035999999999999976,"2.51","5.31","-2.798"
"Strzelecki, Peter","657265","2026","61","45",0.25,0.201,0.04899999999999999,0.385,0.319,0.066,0.326,0.294,0.03200000000000003,"5.79","3.59","2.196"
"Hoffmann, Andrew","694851","2026","59","37",0.333,0.243,0.09000000000000002,0.583,0.399,0.18399999999999994,0.434,0.336,0.09799999999999998,"7.71","4.81","2.904"
"Santa, Alimber","695001","2026","59","44",0.16,0.207,-0.046999999999999986,0.24,0.272,-0.03200000000000003,0.218,0.267,-0.049000000000000016,"1.17","2.93","-1.756"
"Pecko, Ethan","814490","2026","58","39",0.229,0.277,-0.048000000000000015,0.5,0.518,-0.018000000000000016,0.376,0.4,-0.02400000000000002,"6.23","7.27","-1.039"
"Falter, Bailey","663559","2026","57","45",0.471,0.355,0.11599999999999999,0.765,0.537,0.22799999999999998,0.549,0.415,0.13400000000000006,"13.97","7.98","5.986"
"Estrada, Lazaro","681751","2026","57","37",0.178,0.217,-0.03900000000000001,0.311,0.366,-0.05499999999999999,0.294,0.334,-0.040000000000000036,"5.54","4.74","0.798"
"Ross, Joe","605452","2026","57","44",0.314,0.307,0.007000000000000006,0.549,0.524,0.025000000000000022,0.404,0.391,0.013000000000000012,"9.26","6.87","2.387"
"Peoples, Ben","687239","2026","57","42",0.22,0.217,0.0030000000000000027,0.4,0.369,0.031000000000000028,0.319,0.305,0.014000000000000012,"2.51","3.88","-1.368"
"Thompson, Keegan","624522","2026","57","44",0.365,0.343,0.021999999999999964,0.596,0.623,-0.027000000000000024,0.407,0.407,0,"8.25","7.59","0.66"
"Sands, Cole","663485","2026","56","39",0.313,0.268,0.044999999999999984,0.583,0.507,0.07599999999999996,0.409,0.364,0.044999999999999984,"8.25","5.78","2.47"
"Saucedo, Tayler","642048","2026","56","35",0.25,0.203,0.046999999999999986,0.346,0.347,-0.0010000000000000009,0.291,0.268,0.022999999999999965,"3.95","2.96","0.991"
"Spence, Mitch","687765","2026","56","41",0.413,0.279,0.13399999999999995,0.717,0.409,0.308,0.509,0.361,0.14800000000000002,"21.21","5.67","15.544"
"Rom, Drew","680723","2026","56","33",0.319,0.258,0.061,0.532,0.447,0.08500000000000002,0.395,0.354,0.041000000000000036,"6.35","5.42","0.933"
"Voth, Austin","608723","2026","56","47",0.396,0.338,0.057999999999999996,0.646,0.557,0.08899999999999997,0.459,0.402,0.056999999999999995,"9.90","7.36","2.54"
"Waldrep, Hurston","694462","2026","56","35",0.295,0.231,0.06399999999999997,0.5,0.389,0.11099999999999999,0.42,0.359,0.061,"8.44","5.60","2.838"
"Zerpa, Angel","672582","2026","55","41",0.333,0.328,0.0050000000000000044,0.521,0.53,-0.009000000000000008,0.405,0.405,0,"6.39","7.50","-1.105"
"Kerry, Brett","695049","2026","54","40",0.212,0.231,-0.019000000000000017,0.385,0.361,0.02400000000000002,0.269,0.27,-0.0010000000000000009,"3.95","3.00","0.951"
"Curvelo, Luis","681168","2026","54","42",0.354,0.307,0.046999999999999986,0.708,0.544,0.16399999999999992,0.47,0.387,0.08299999999999996,"9.58","6.70","2.881"
"Rock, Joe","697812","2026","53","28",0.275,0.267,0.008000000000000007,0.3,0.402,-0.10200000000000004,0.364,0.39,-0.026000000000000023,"3.48","6.82","-3.336"
"Peralta, Sammy","671111","2026","52","31",0.318,0.288,0.030000000000000027,0.591,0.511,0.07999999999999996,0.432,0.39,0.04199999999999998,"7.59","6.82","0.774"
"Montgomery, Jordan","656756","2026","52","40",0.28,0.283,-0.002999999999999947,0.48,0.461,0.01899999999999996,0.341,0.333,0.008000000000000007,"6.75","4.71","2.04"
"Gordon, Colton","676467","2026","50","35",0.467,0.327,0.14,0.933,0.587,0.3460000000000001,0.589,0.41,0.179,"11.57","7.73","3.841"
"Granillo, Andre","701552","2026","50","38",0.333,0.295,0.038000000000000034,0.538,0.44,0.09800000000000003,0.428,0.394,0.033999999999999975,"9.64","7.00","2.643"
"Kempner, William","687531","2026","50","30",0.182,0.231,-0.049000000000000016,0.295,0.355,-0.06,0.266,0.306,-0.03999999999999998,"2.92","3.91","-0.991"
"Wicks, Jordan","696136","2026","50","39",0.383,0.283,0.10000000000000003,0.553,0.408,0.14500000000000007,0.423,0.322,0.10099999999999998,"10.45","4.37","6.082"
"Frasso, Nick","693308","2026","49","35",0.302,0.255,0.046999999999999986,0.395,0.416,-0.020999999999999963,0.331,0.329,0.0020000000000000018,"4.36","4.58","-0.225"
"Smith, Shane","681343","2026","49","27",0.316,0.246,0.07,0.5,0.293,0.20700000000000002,0.424,0.333,0.09099999999999997,"10.80","4.71","6.09"
"Foster, Cameron","671382","2026","49","32",0.415,0.254,0.16099999999999998,0.537,0.358,0.17900000000000005,0.462,0.336,0.126,"9.00","4.81","4.19"
"Anderson, Jack","681252","2026","48","33",0.222,0.23,-0.008000000000000007,0.333,0.418,-0.08499999999999996,0.269,0.301,-0.03199999999999997,"2.19","3.77","-1.581"
"Peguero, Joel","666711","2026","48","37",0.238,0.192,0.045999999999999985,0.31,0.247,0.063,0.297,0.255,0.04199999999999998,"2.38","2.67","-0.288"
"Burgos, Raymond","670103","2026","48","40",0.234,0.232,0.0020000000000000018,0.362,0.416,-0.05399999999999999,0.267,0.285,-0.01799999999999996,"5.84","3.36","2.478"
"Bellozo, Valente","678368","2026","48","32",0.256,0.316,-0.06,0.641,0.737,-0.09599999999999997,0.421,0.475,-0.05399999999999999,"7.59","11.49","-3.896"
"Wilkinson, Matt","683363","2026","47","39",0.244,0.251,-0.007000000000000006,0.4,0.426,-0.025999999999999968,0.294,0.305,-0.01100000000000001,"4.63","3.88","0.749"
"Dallas, Chad","689149","2026","47","31",0.25,0.218,0.032,0.35,0.306,0.043999999999999984,0.311,0.289,0.02200000000000002,"6.10","3.46","2.637"
"Tong, Jonah","804636","2026","47","33",0.205,0.206,-0.0010000000000000009,0.282,0.367,-0.08500000000000002,0.28,0.309,-0.02899999999999997,"3.60","3.99","-0.39"
"Murphy, Luke","684665","2026","47","26",0.132,0.155,-0.022999999999999993,0.132,0.197,-0.065,0.229,0.258,-0.028999999999999998,"1.46","2.74","-1.281"
"Harris, Trent","805345","2026","47","27",0.238,0.179,0.059,0.357,0.236,0.121,0.302,0.233,0.06899999999999998,"4.09","2.24","1.851"
"Smith, Hagen","696146","2026","46","20",0.083,0.151,-0.06799999999999999,0.194,0.223,-0.028999999999999998,0.243,0.28,-0.03700000000000003,"0.82","3.24","-2.422"
"Heuer, Codi","676051","2026","46","34",0.308,0.269,0.03899999999999998,0.41,0.382,0.02799999999999997,0.355,0.335,0.019999999999999962,"4.66","4.77","-0.115"
"Yan, Jefry","642376","2026","46","25",0.212,0.211,0.0010000000000000009,0.303,0.298,0.0050000000000000044,0.32,0.324,-0.0040000000000000036,"3.60","4.43","-0.83"
"Krook, Matt","640454","2026","46","25",0.265,0.293,-0.02799999999999997,0.5,0.448,0.05199999999999999,0.423,0.417,0.006000000000000005,"10.80","8.08","2.72"
"Sims, Lucas","608371","2026","46","28",0.257,0.22,0.037000000000000005,0.4,0.356,0.04400000000000004,0.353,0.33,0.022999999999999965,"4.50","4.61","-0.11"
"Rodríguez, Yariel","684320","2026","45","31",0.324,0.295,0.029000000000000026,0.514,0.495,0.019000000000000017,0.422,0.402,0.019999999999999962,"7.71","7.36","0.354"
"Allard, Kolby","663465","2026","45","32",0.39,0.317,0.07300000000000001,0.659,0.533,0.126,0.467,0.385,0.08200000000000002,"10.38","6.61","3.775"
"Rivera, Eduardo","700842","2026","44","28",0.211,0.205,0.006000000000000005,0.342,0.342,0,0.3,0.297,0.0030000000000000027,"6.30","3.67","2.63"
"Cruz, Yovanny","672442","2026","44","27",0.324,0.276,0.04799999999999999,0.459,0.391,0.068,0.398,0.353,0.04500000000000004,"5.79","5.38","0.406"
"Shuster, Jared","694363","2026","44","34",0.289,0.239,0.04999999999999999,0.447,0.367,0.08000000000000002,0.362,0.311,0.05099999999999999,"9.00","4.05","4.95"
"Roa, Christian","685005","2026","43","27",0.313,0.296,0.017000000000000015,0.5,0.491,0.009000000000000008,0.424,0.415,0.009000000000000008,"5.19","7.98","-2.788"
"McCambley, Zach","685112","2026","43","27",0.278,0.292,-0.013999999999999957,0.333,0.429,-0.09599999999999997,0.33,0.366,-0.035999999999999976,"4.15","5.86","-1.706"
"Weiman, Blake","676620","2026","43","34",0.35,0.257,0.09299999999999997,0.5,0.359,0.14100000000000001,0.359,0.275,0.08399999999999996,"3.00","3.12","-0.12"
"Kahnle, Tommy","592454","2026","43","32",0.324,0.285,0.039000000000000035,0.595,0.489,0.10599999999999998,0.434,0.381,0.05299999999999999,"8.00","6.45","1.55"
"Nicolas, Kyle","693312","2026","42","22",0.276,0.272,0.0040000000000000036,0.414,0.444,-0.030000000000000027,0.422,0.434,-0.01200000000000001,"8.59","8.96","-0.369"
"Rodriguez, Carlos","692230","2026","42","30",0.263,0.228,0.035,0.395,0.327,0.068,0.324,0.282,0.04200000000000004,"3.86","3.29","0.567"
"Koenig, Jared","657649","2026","41","26",0.364,0.246,0.118,0.576,0.416,0.15999999999999998,0.443,0.337,0.10599999999999998,"9.00","4.84","4.16"
"Cortes, Carlos","666126","2026","41","35",0.361,0.297,0.064,0.75,0.544,0.20599999999999996,0.499,0.401,0.09799999999999998,"9.00","7.31","1.69"
"Anderson, Kade","807739","2026","41","28",0.229,0.143,0.08600000000000002,0.457,0.27,0.187,0.334,0.235,0.09900000000000003,"4.50","2.27","2.23"
"Vanasco, Ricky","676568","2026","40","30",0.412,0.294,0.118,0.706,0.519,0.18699999999999994,0.512,0.399,0.11299999999999999,"15.63","7.22","8.412"
"Núñez, Dedniel","673380","2026","40","31",0.325,0.265,0.06,0.625,0.515,0.10999999999999999,0.404,0.328,0.07600000000000001,"5.79","4.55","1.236"
"Waldichuk, Ken","686610","2026","40","26",0.235,0.243,-0.008000000000000007,0.588,0.577,0.01100000000000001,0.4,0.397,0.0030000000000000027,"6.75","7.13","-0.38"
"Sandlin, Nick","680704","2026","40","26",0.29,0.238,0.05199999999999999,0.548,0.463,0.08500000000000002,0.419,0.377,0.04199999999999998,"11.42","6.28","5.143"
"Yean, Eddy","678868","2026","39","30",0.139,0.211,-0.07199999999999998,0.306,0.296,0.010000000000000009,0.227,0.257,-0.03,"1.80","2.72","-0.92"
"Brieske, Beau","689225","2026","39","27",0.257,0.241,0.016000000000000014,0.514,0.435,0.07900000000000001,0.366,0.33,0.035999999999999976,"6.75","4.61","2.14"
"Rajcic, Max","691008","2026","39","25",0.182,0.168,0.013999999999999985,0.394,0.318,0.07600000000000001,0.311,0.281,0.02999999999999997,"5.00","3.26","1.74"
"Manoah, Alek","666201","2026","39","26",0.258,0.228,0.03,0.516,0.473,0.04300000000000004,0.402,0.379,0.02300000000000002,"9.82","6.37","3.448"
"Simpson, Josh","681006","2026","38","23",0.333,0.227,0.10600000000000001,0.727,0.532,0.19499999999999995,0.482,0.369,0.11299999999999999,"9.82","5.97","3.848"
"Adams, Mason","690279","2026","38","23",0.242,0.23,0.011999999999999983,0.485,0.462,0.022999999999999965,0.36,0.344,0.016000000000000014,"3.00","5.07","-2.07"
"Hiraldo, Yaramil","682274","2026","37","17",0.241,0.169,0.07199999999999998,0.517,0.32,0.197,0.384,0.295,0.08900000000000002,"5.87","3.61","2.26"
"Karinchak, James","675916","2026","37","24",0.129,0.158,-0.028999999999999998,0.258,0.299,-0.04099999999999998,0.232,0.268,-0.036000000000000004,"1.86","2.96","-1.098"
"McFarlane, Alex","686934","2026","37","23",0.161,0.229,-0.068,0.161,0.299,-0.13799999999999998,0.221,0.294,-0.07299999999999998,"0.96","3.59","-2.626"
"Lee, Chase","695445","2026","37","27",0.286,0.26,0.025999999999999968,0.607,0.376,0.23099999999999998,0.435,0.35,0.08500000000000002,"7.88","5.27","2.605"
"Gonzalez, Domingo","682445","2026","36","25",0.3,0.355,-0.05499999999999999,0.467,0.618,-0.15099999999999997,0.383,0.453,-0.07,"4.70","10.06","-5.364"
"Trevino, Jose","624431","2026","36","33",0.529,0.385,0.14400000000000002,0.735,0.602,0.133,0.558,0.439,0.11900000000000005,"16.50","9.24","7.26"
"McDermott, Chayce","694646","2026","36","26",0.258,0.224,0.034,0.548,0.466,0.08200000000000002,0.38,0.336,0.043999999999999984,"5.87","4.81","1.06"
"Trivino III, Lou","642152","2026","36","21",0.37,0.217,0.153,0.593,0.323,0.26999999999999996,0.465,0.33,0.135,"15.00","4.61","10.39"
"Mills, Wyatt","670090","2026","36","20",0.208,0.234,-0.026000000000000023,0.208,0.293,-0.08499999999999999,0.338,0.368,-0.02999999999999997,"5.68","5.93","-0.246"
"Kelly, Antwone","699008","2026","36","27",0.25,0.269,-0.019000000000000017,0.5,0.367,0.133,0.361,0.323,0.03799999999999998,"5.40","4.40","1"
"Payamps, Joel","606303","2026","36","23",0.281,0.252,0.029000000000000026,0.594,0.548,0.04599999999999993,0.405,0.377,0.028000000000000025,"8.22","6.28","1.937"
"Shook, TJ","669298","2026","36","27",0.353,0.253,0.09999999999999998,0.765,0.451,0.314,0.484,0.319,0.16499999999999998,"8.22","4.28","3.937"
"McGee, Easton","668834","2026","35","24",0.387,0.297,0.09000000000000002,0.71,0.463,0.24699999999999994,0.494,0.369,0.125,"8.59","5.97","2.621"
"Van Eyk, CJ","669310","2026","35","31",0.355,0.294,0.061,0.516,0.467,0.04899999999999999,0.395,0.366,0.029000000000000026,"4.05","5.86","-1.81"
"Lazar, Max","676661","2026","35","27",0.25,0.241,0.009000000000000008,0.531,0.453,0.07800000000000001,0.363,0.331,0.03199999999999997,"5.63","4.65","0.975"
"Knack, Landon","689017","2026","35","26",0.258,0.22,0.038000000000000006,0.677,0.494,0.18300000000000005,0.408,0.34,0.06799999999999995,"5.87","4.94","0.93"
"Molina, Anthony","683627","2026","35","30",0.212,0.295,-0.08299999999999999,0.303,0.483,-0.18,0.251,0.355,-0.10399999999999998,"2.89","5.45","-2.557"
"Lavender, Nate","681320","2026","35","21",0.091,0.154,-0.063,0.121,0.263,-0.14200000000000002,0.127,0.208,-0.08099999999999999,0,1.8,"-1.8"
"Tur, Yunior","814305","2026","34","23",0.483,0.378,0.10499999999999998,1.034,0.874,0.16000000000000003,0.649,0.549,0.09999999999999998,"32.79","17.93","14.856"
"Sullivan, Brett","664954","2026","34","31",0.355,0.364,-0.009000000000000008,0.613,0.625,-0.01200000000000001,0.418,0.429,-0.01100000000000001,"4.70","8.69","-3.994"
"Mushinski, Parker","656786","2026","34","29",0.31,0.325,-0.015000000000000013,0.379,0.459,-0.08000000000000002,0.36,0.39,-0.030000000000000027,"2.70","6.82","-4.12"
"Beck, Brendan","694341","2026","34","24",0.241,0.292,-0.05099999999999999,0.724,0.641,0.08299999999999996,0.444,0.435,0.009000000000000008,"8.22","9.02","-0.803"
"Garcia, Robert","676395","2026","34","21",0.185,0.239,-0.05399999999999999,0.222,0.31,-0.088,0.286,0.333,-0.04700000000000004,"3.38","4.71","-1.335"
"Gervase, Paul","801434","2026","34","21",0.241,0.238,0.0030000000000000027,0.241,0.313,-0.07200000000000001,0.286,0.306,-0.020000000000000018,"2.35","3.91","-1.562"
"Gerber, Joey","680702","2026","34","22",0.2,0.23,-0.03,0.4,0.373,0.027000000000000024,0.306,0.309,-0.0030000000000000027,"4.32","3.99","0.33"
"Joyce, Ben","690829","2026","33","15",0.111,0.125,-0.013999999999999999,0.148,0.165,-0.017000000000000015,0.205,0.215,-0.010000000000000009,"3.24","1.91","1.33"
"Tolbert, Tyler","686475","2026","33","29",0.586,0.501,0.08499999999999996,1.034,0.827,0.20700000000000007,0.696,0.583,0.11299999999999999,"25.07","22.07","3.001"
"Gilbert, Tyler","656457","2026","32","24",0.429,0.343,0.08599999999999997,0.821,0.635,0.18599999999999994,0.552,0.45,0.10200000000000004,"12.00","9.88","2.12"
"Pushard, Matt","690155","2026","32","20",0.24,0.278,-0.038000000000000034,0.28,0.39,-0.10999999999999999,0.298,0.347,-0.04899999999999999,"5.14","5.17","-0.027"
"Martin, Riley","702303","2026","32","19",0.179,0.169,0.009999999999999981,0.286,0.312,-0.026000000000000023,0.249,0.25,-0.0010000000000000009,"2.16","2.57","-0.41"
"Kelly, Michael","547184","2026","32","20",0.462,0.349,0.11300000000000004,0.769,0.522,0.247,0.557,0.435,0.12200000000000005,"16.20","9.02","7.18"
"Pop, Zach","647315","2026","31","21",0.2,0.248,-0.04799999999999999,0.32,0.358,-0.03799999999999998,0.271,0.317,-0.045999999999999985,"3.68","4.22","-0.538"
"Rainey, Tanner","663432","2026","31","16",0.136,0.156,-0.01999999999999999,0.182,0.213,-0.031,0.302,0.317,-0.015000000000000013,"3.86","4.22","-0.363"
"France, J.P.","641585","2026","31","21",0.24,0.293,-0.05299999999999999,0.4,0.534,-0.134,0.358,0.42,-0.062,"8.10","8.23","-0.13"
"Irvin, Cole","608344","2026","30","21",0.308,0.288,0.020000000000000018,0.5,0.512,-0.01200000000000001,0.395,0.39,0.0050000000000000044,"9.00","6.82","2.18"
"Stallings, Garrett","668831","2026","30","18",0.111,0.136,-0.02500000000000001,0.111,0.148,-0.03699999999999999,0.159,0.182,-0.022999999999999993,0,1.4,"-1.4"
"Fitzpatrick, Brian","702153","2026","30","22",0.259,0.212,0.047000000000000014,0.296,0.265,0.030999999999999972,0.29,0.257,0.032999999999999974,"1.35","2.72","-1.37"
"Bivens, Spencer","702352","2026","30","18",0.44,0.294,0.14600000000000002,0.6,0.483,0.11699999999999999,0.471,0.374,0.09699999999999998,"14.40","6.16","8.24"
"Leibrandt, Brandon","605335","2026","30","24",0.385,0.323,0.062,0.692,0.694,-0.0020000000000000018,0.461,0.437,0.02400000000000002,"7.50","9.13","-1.63"
"Gonzales, Marco","594835","2026","29","22",0.28,0.208,0.07200000000000004,0.36,0.294,0.066,0.324,0.267,0.056999999999999995,"1.35","2.93","-1.58"
"Mautz, Brycen","802408","2026","29","16",0.346,0.253,0.09299999999999997,0.5,0.423,0.07700000000000001,0.401,0.329,0.07200000000000001,"9.00","4.58","4.42"
"Murphy, Owen","702566","2026","29","20",0.231,0.28,-0.049000000000000016,0.385,0.451,-0.066,0.31,0.353,-0.04299999999999998,"4.05","5.38","-1.33"
"Sears, Andrew","808825","2026","28","23",0.296,0.257,0.03899999999999998,0.519,0.445,0.07400000000000001,0.361,0.314,0.046999999999999986,"6.75","4.13","2.62"
"Hernández, Elieser","622694","2026","28","18",0.25,0.184,0.066,0.375,0.26,0.11499999999999999,0.318,0.247,0.07100000000000001,"1.50","2.51","-1.01"
"Garrett, Braxton","666129","2026","28","15",0.368,0.24,0.128,0.579,0.389,0.18999999999999995,0.475,0.386,0.08899999999999997,"14.54","6.65","7.888"
"Acton, Garrett","670183","2026","28","15",0.174,0.19,-0.016000000000000014,0.261,0.267,-0.006000000000000005,0.238,0.25,-0.01200000000000001,"2.70","2.57","0.13"
"Corniell, Jose","692030","2026","28","20",0.478,0.273,0.20499999999999996,1.043,0.487,0.5559999999999999,0.645,0.365,0.28,"20.77","5.82","14.949"
"Grove, Michael","675627","2026","28","22",0.259,0.289,-0.02999999999999997,0.63,0.708,-0.07799999999999996,0.36,0.423,-0.063,"5.14","8.38","-3.237"
"Cerantola, Eric","672021","2026","28","10",0.235,0.181,0.05399999999999999,0.588,0.315,0.27299999999999996,0.484,0.402,0.08199999999999996,"10.13","7.36","2.765"
"Espino, Daniel","682982","2026","27","11",0.217,0.203,0.013999999999999985,0.391,0.278,0.11299999999999999,0.325,0.279,0.045999999999999985,"4.50","3.21","1.29"
"Curtis, Khristian","694753","2026","27","19",0.083,0.239,-0.15599999999999997,0.083,0.359,-0.27599999999999997,0.143,0.306,-0.163,0,3.91,"-3.91"
"Olds, Wyatt","681544","2026","27","16",0.167,0.191,-0.023999999999999994,0.167,0.214,-0.046999999999999986,0.209,0.235,-0.025999999999999995,0,2.27,"-2.27"
"Vivas, Jorbit","678391","2026","27","23",0.478,0.377,0.10099999999999998,0.739,0.761,-0.02200000000000002,0.554,0.514,0.040000000000000036,"13.50","14.52","-1.02"
"Sanoja, Javier","691594","2026","27","24",0.458,0.327,0.131,0.833,0.766,0.06699999999999995,0.543,0.464,0.07900000000000001,"13.50","10.75","2.75"
"Baumler, Carter","691945","2026","27","14",0.2,0.206,-0.005999999999999978,0.4,0.353,0.04700000000000004,0.371,0.359,0.01200000000000001,"3.18","5.60","-2.424"
"Manfredi, Mark","815081","2026","27","16",0.292,0.295,-0.0030000000000000027,0.375,0.459,-0.08400000000000002,0.334,0.365,-0.030999999999999972,"1.50","5.82","-4.32"
"Rashi, Taylor","688497","2026","26","18",0.261,0.278,-0.017000000000000015,0.435,0.462,-0.027000000000000024,0.345,0.359,-0.014000000000000012,"7.94","5.60","2.341"
"Horton, Cade","690990","2026","26","20",0.167,0.249,-0.08199999999999999,0.292,0.321,-0.029000000000000026,0.235,0.283,-0.04799999999999999,"2.46","3.31","-0.855"
"Heineman, Tyler","623168","2026","26","25",0.36,0.351,0.009000000000000008,0.72,0.57,0.15000000000000002,0.467,0.405,0.062,"10.13","7.50","2.625"
"Raya, Marco","694397","2026","25","18",0.227,0.274,-0.047000000000000014,0.364,0.407,-0.04299999999999998,0.308,0.341,-0.03300000000000003,"3.00","4.97","-1.97"
"Muñoz, Roddery","682610","2026","25","13",0.368,0.291,0.07700000000000001,0.947,0.556,0.3909999999999999,0.586,0.44,0.14599999999999996,"15.75","9.30","6.45"
"Edwards Jr., Carl","605218","2026","25","10",0.143,0.159,-0.016000000000000014,0.286,0.25,0.035999999999999976,0.265,0.258,0.007000000000000006,"1.50","2.74","-1.24"
"Martin, Corbin","656686","2026","25","16",0.25,0.248,0.0020000000000000018,0.55,0.509,0.041000000000000036,0.411,0.396,0.014999999999999958,"10.80","7.09","3.71"
"Vargas, Carlos","672841","2026","25","16",0.167,0.239,-0.07199999999999998,0.25,0.342,-0.09200000000000003,0.2,0.268,-0.068,"1.35","2.96","-1.61"